{
    "logs": [
        {
            "outputFile": "C:\\Users\\lucia\\AndroidStudioProjects\\Semana1\\app\\build\\intermediates\\incremental\\mergeDebugResources\\merged.dir\\values-is\\values-is.xml",
            "map": [
                {
                    "source": "C:\\Users\\lucia\\.gradle\\caches\\transforms-2\\files-2.1\\ff37b710ecf84191a2687617c776753e\\core-1.3.1\\res\\values-is\\values-is.xml",
                    "from": {
                        "startLines": "2",
                        "startColumns": "4",
                        "startOffsets": "55",
                        "endColumns": "100",
                        "endOffsets": "151"
                    },
                    "to": {
                        "startLines": "30",
                        "startColumns": "4",
                        "startOffsets": "2860",
                        "endColumns": "100",
                        "endOffsets": "2956"
                    }
                },
                {
                    "source": "C:\\Users\\lucia\\.gradle\\caches\\transforms-2\\files-2.1\\a527ad4f532df6b258c428a911debd89\\appcompat-1.2.0\\res\\values-is\\values-is.xml",
                    "from": {
                        "startLines": "2,3,4,5,6,7,8,9,10,11,12,13,14,15,16,17,18,19,20,21,22,23,24,25,26,27,28,29",
                        "startColumns": "4,4,4,4,4,4,4,4,4,4,4,4,4,4,4,4,4,4,4,4,4,4,4,4,4,4,4,4",
                        "startOffsets": "105,205,302,414,499,600,714,795,874,965,1058,1151,1245,1351,1444,1539,1634,1725,1819,1900,2010,2117,2214,2323,2423,2526,2681,2779",
                        "endColumns": "99,96,111,84,100,113,80,78,90,92,92,93,105,92,94,94,90,93,80,109,106,96,108,99,102,154,97,80",
                        "endOffsets": "200,297,409,494,595,709,790,869,960,1053,1146,1240,1346,1439,1534,1629,1720,1814,1895,2005,2112,2209,2318,2418,2521,2676,2774,2855"
                    }
                }
            ]
        }
    ]
}