{
    "logs": [
        {
            "outputFile": "C:\\Users\\lucia\\AndroidStudioProjects\\Semana1\\app\\build\\intermediates\\incremental\\mergeDebugResources\\merged.dir\\values-et\\values-et.xml",
            "map": [
                {
                    "source": "C:\\Users\\lucia\\.gradle\\caches\\transforms-2\\files-2.1\\ff37b710ecf84191a2687617c776753e\\core-1.3.1\\res\\values-et\\values-et.xml",
                    "from": {
                        "startLines": "2",
                        "startColumns": "4",
                        "startOffsets": "55",
                        "endColumns": "100",
                        "endOffsets": "151"
                    },
                    "to": {
                        "startLines": "30",
                        "startColumns": "4",
                        "startOffsets": "2910",
                        "endColumns": "100",
                        "endOffsets": "3006"
                    }
                },
                {
                    "source": "C:\\Users\\lucia\\.gradle\\caches\\transforms-2\\files-2.1\\a527ad4f532df6b258c428a911debd89\\appcompat-1.2.0\\res\\values-et\\values-et.xml",
                    "from": {
                        "startLines": "2,3,4,5,6,7,8,9,10,11,12,13,14,15,16,17,18,19,20,21,22,23,24,25,26,27,28,29",
                        "startColumns": "4,4,4,4,4,4,4,4,4,4,4,4,4,4,4,4,4,4,4,4,4,4,4,4,4,4,4,4",
                        "startOffsets": "105,211,310,421,507,609,726,807,884,976,1070,1166,1268,1377,1471,1572,1666,1758,1851,1934,2045,2149,2248,2358,2460,2559,2725,2827",
                        "endColumns": "105,98,110,85,101,116,80,76,91,93,95,101,108,93,100,93,91,92,82,110,103,98,109,101,98,165,101,82",
                        "endOffsets": "206,305,416,502,604,721,802,879,971,1065,1161,1263,1372,1466,1567,1661,1753,1846,1929,2040,2144,2243,2353,2455,2554,2720,2822,2905"
                    }
                }
            ]
        }
    ]
}