{
    "logs": [
        {
            "outputFile": "C:\\Users\\lucia\\AndroidStudioProjects\\Semana1\\app\\build\\intermediates\\incremental\\mergeDebugResources\\merged.dir\\values-sk\\values-sk.xml",
            "map": [
                {
                    "source": "C:\\Users\\lucia\\.gradle\\caches\\transforms-2\\files-2.1\\ff37b710ecf84191a2687617c776753e\\core-1.3.1\\res\\values-sk\\values-sk.xml",
                    "from": {
                        "startLines": "2",
                        "startColumns": "4",
                        "startOffsets": "55",
                        "endColumns": "100",
                        "endOffsets": "151"
                    },
                    "to": {
                        "startLines": "30",
                        "startColumns": "4",
                        "startOffsets": "2900",
                        "endColumns": "100",
                        "endOffsets": "2996"
                    }
                },
                {
                    "source": "C:\\Users\\lucia\\.gradle\\caches\\transforms-2\\files-2.1\\a527ad4f532df6b258c428a911debd89\\appcompat-1.2.0\\res\\values-sk\\values-sk.xml",
                    "from": {
                        "startLines": "2,3,4,5,6,7,8,9,10,11,12,13,14,15,16,17,18,19,20,21,22,23,24,25,26,27,28,29",
                        "startColumns": "4,4,4,4,4,4,4,4,4,4,4,4,4,4,4,4,4,4,4,4,4,4,4,4,4,4,4,4",
                        "startOffsets": "105,212,313,424,510,618,736,815,892,983,1076,1174,1268,1368,1461,1556,1654,1745,1836,1920,2025,2133,2232,2338,2450,2553,2719,2817",
                        "endColumns": "106,100,110,85,107,117,78,76,90,92,97,93,99,92,94,97,90,90,83,104,107,98,105,111,102,165,97,82",
                        "endOffsets": "207,308,419,505,613,731,810,887,978,1071,1169,1263,1363,1456,1551,1649,1740,1831,1915,2020,2128,2227,2333,2445,2548,2714,2812,2895"
                    }
                }
            ]
        }
    ]
}