{
    "logs": [
        {
            "outputFile": "C:\\Users\\lucia\\AndroidStudioProjects\\Semana1\\app\\build\\intermediates\\incremental\\mergeDebugResources\\merged.dir\\values-vi\\values-vi.xml",
            "map": [
                {
                    "source": "C:\\Users\\lucia\\.gradle\\caches\\transforms-2\\files-2.1\\ff37b710ecf84191a2687617c776753e\\core-1.3.1\\res\\values-vi\\values-vi.xml",
                    "from": {
                        "startLines": "2",
                        "startColumns": "4",
                        "startOffsets": "55",
                        "endColumns": "100",
                        "endOffsets": "151"
                    },
                    "to": {
                        "startLines": "30",
                        "startColumns": "4",
                        "startOffsets": "2883",
                        "endColumns": "100",
                        "endOffsets": "2979"
                    }
                },
                {
                    "source": "C:\\Users\\lucia\\.gradle\\caches\\transforms-2\\files-2.1\\a527ad4f532df6b258c428a911debd89\\appcompat-1.2.0\\res\\values-vi\\values-vi.xml",
                    "from": {
                        "startLines": "2,3,4,5,6,7,8,9,10,11,12,13,14,15,16,17,18,19,20,21,22,23,24,25,26,27,28,29",
                        "startColumns": "4,4,4,4,4,4,4,4,4,4,4,4,4,4,4,4,4,4,4,4,4,4,4,4,4,4,4,4",
                        "startOffsets": "105,212,314,423,507,610,729,807,883,974,1067,1162,1256,1356,1449,1544,1638,1729,1820,1904,2008,2116,2217,2322,2437,2542,2699,2798",
                        "endColumns": "106,101,108,83,102,118,77,75,90,92,94,93,99,92,94,93,90,90,83,103,107,100,104,114,104,156,98,84",
                        "endOffsets": "207,309,418,502,605,724,802,878,969,1062,1157,1251,1351,1444,1539,1633,1724,1815,1899,2003,2111,2212,2317,2432,2537,2694,2793,2878"
                    }
                }
            ]
        }
    ]
}