{
    "logs": [
        {
            "outputFile": "C:\\Users\\lucia\\AndroidStudioProjects\\Semana1\\app\\build\\intermediates\\incremental\\mergeDebugResources\\merged.dir\\values-night-v8\\values-night-v8.xml",
            "map": [
                {
                    "source": "C:\\Users\\lucia\\.gradle\\caches\\transforms-2\\files-2.1\\a527ad4f532df6b258c428a911debd89\\appcompat-1.2.0\\res\\values-night-v8\\values-night-v8.xml",
                    "from": {
                        "startLines": "2,3,4,5,6,7,8,9",
                        "startColumns": "4,4,4,4,4,4,4,4",
                        "startOffsets": "55,125,209,293,389,491,593,687",
                        "endColumns": "69,83,83,95,101,101,93,88",
                        "endOffsets": "120,204,288,384,486,588,682,771"
                    },
                    "to": {
                        "startLines": "2,3,4,5,6,7,8,38",
                        "startColumns": "4,4,4,4,4,4,4,4",
                        "startOffsets": "100,170,254,338,434,536,638,3313",
                        "endColumns": "69,83,83,95,101,101,93,88",
                        "endOffsets": "165,249,333,429,531,633,727,3397"
                    }
                },
                {
                    "source": "C:\\Users\\lucia\\.gradle\\caches\\transforms-2\\files-2.1\\0c7fcc8a97f042e68b1c574b2ffeaf0b\\material-1.1.0\\res\\values-night-v8\\values-night-v8.xml",
                    "from": {
                        "startLines": "2,3,4,5,6,7,8,9,10,11,12,13,14,15,16,17,18,19,20,21,22,23,24",
                        "startColumns": "4,4,4,4,4,4,4,4,4,4,4,4,4,4,4,4,4,4,4,4,4,4,4",
                        "startOffsets": "55,143,267,369,471,587,689,803,931,1047,1169,1305,1425,1559,1679,1791,1917,2055,2179,2309,2431,2569,2685",
                        "endColumns": "87,123,101,101,115,101,113,127,115,121,135,119,133,119,111,125,137,123,129,121,137,115,119",
                        "endOffsets": "138,262,364,466,582,684,798,926,1042,1164,1300,1420,1554,1674,1786,1912,2050,2174,2304,2426,2564,2680,2800"
                    },
                    "to": {
                        "startLines": "9,10,11,12,13,14,15,16,17,18,19,20,21,22,23,24,39,40,41,42,43,44,45",
                        "startColumns": "4,4,4,4,4,4,4,4,4,4,4,4,4,4,4,4,4,4,4,4,4,4,4",
                        "startOffsets": "732,820,944,1046,1148,1264,1366,1480,1608,1724,1846,1982,2102,2236,2356,2468,3402,3540,3664,3794,3916,4054,4170",
                        "endColumns": "87,123,101,101,115,101,113,127,115,121,135,119,133,119,111,125,137,123,129,121,137,115,119",
                        "endOffsets": "815,939,1041,1143,1259,1361,1475,1603,1719,1841,1977,2097,2231,2351,2463,2589,3535,3659,3789,3911,4049,4165,4285"
                    }
                },
                {
                    "source": "C:\\Users\\lucia\\AndroidStudioProjects\\Semana1\\app\\src\\main\\res\\values-night\\themes.xml",
                    "from": {
                        "startLines": "2",
                        "startColumns": "4",
                        "startOffsets": "102",
                        "endLines": "14",
                        "endColumns": "12",
                        "endOffsets": "830"
                    },
                    "to": {
                        "startLines": "25",
                        "startColumns": "4",
                        "startOffsets": "2594",
                        "endLines": "37",
                        "endColumns": "12",
                        "endOffsets": "3308"
                    }
                }
            ]
        }
    ]
}