{
    "logs": [
        {
            "outputFile": "C:\\Users\\lucia\\AndroidStudioProjects\\Semana1\\app\\build\\intermediates\\incremental\\mergeDebugResources\\merged.dir\\values-or\\values-or.xml",
            "map": [
                {
                    "source": "C:\\Users\\lucia\\.gradle\\caches\\transforms-2\\files-2.1\\a527ad4f532df6b258c428a911debd89\\appcompat-1.2.0\\res\\values-or\\values-or.xml",
                    "from": {
                        "startLines": "2,3,4,5,6,7,8,9,10,11,12,13,14,15,16,17,18,19,20,21,22,23,24,25,26,27,28,29",
                        "startColumns": "4,4,4,4,4,4,4,4,4,4,4,4,4,4,4,4,4,4,4,4,4,4,4,4,4,4,4,4",
                        "startOffsets": "105,224,334,441,527,631,751,829,905,996,1089,1185,1280,1380,1473,1568,1664,1755,1845,1934,2044,2148,2254,2365,2469,2587,2750,2856",
                        "endColumns": "118,109,106,85,103,119,77,75,90,92,95,94,99,92,94,95,90,89,88,109,103,105,110,103,117,162,105,89",
                        "endOffsets": "219,329,436,522,626,746,824,900,991,1084,1180,1275,1375,1468,1563,1659,1750,1840,1929,2039,2143,2249,2360,2464,2582,2745,2851,2941"
                    }
                },
                {
                    "source": "C:\\Users\\lucia\\.gradle\\caches\\transforms-2\\files-2.1\\ff37b710ecf84191a2687617c776753e\\core-1.3.1\\res\\values-or\\values-or.xml",
                    "from": {
                        "startLines": "2",
                        "startColumns": "4",
                        "startOffsets": "55",
                        "endColumns": "100",
                        "endOffsets": "151"
                    },
                    "to": {
                        "startLines": "30",
                        "startColumns": "4",
                        "startOffsets": "2946",
                        "endColumns": "100",
                        "endOffsets": "3042"
                    }
                }
            ]
        }
    ]
}