{
    "logs": [
        {
            "outputFile": "C:\\Users\\lucia\\AndroidStudioProjects\\Semana1\\app\\build\\intermediates\\incremental\\mergeDebugResources\\merged.dir\\values-ka\\values-ka.xml",
            "map": [
                {
                    "source": "C:\\Users\\lucia\\.gradle\\caches\\transforms-2\\files-2.1\\ff37b710ecf84191a2687617c776753e\\core-1.3.1\\res\\values-ka\\values-ka.xml",
                    "from": {
                        "startLines": "2",
                        "startColumns": "4",
                        "startOffsets": "55",
                        "endColumns": "100",
                        "endOffsets": "151"
                    },
                    "to": {
                        "startLines": "30",
                        "startColumns": "4",
                        "startOffsets": "2890",
                        "endColumns": "100",
                        "endOffsets": "2986"
                    }
                },
                {
                    "source": "C:\\Users\\lucia\\.gradle\\caches\\transforms-2\\files-2.1\\a527ad4f532df6b258c428a911debd89\\appcompat-1.2.0\\res\\values-ka\\values-ka.xml",
                    "from": {
                        "startLines": "2,3,4,5,6,7,8,9,10,11,12,13,14,15,16,17,18,19,20,21,22,23,24,25,26,27,28,29",
                        "startColumns": "4,4,4,4,4,4,4,4,4,4,4,4,4,4,4,4,4,4,4,4,4,4,4,4,4,4,4,4",
                        "startOffsets": "105,213,316,427,513,618,731,814,893,984,1077,1172,1266,1366,1459,1554,1649,1740,1831,1912,2025,2131,2229,2342,2447,2551,2709,2808",
                        "endColumns": "107,102,110,85,104,112,82,78,90,92,94,93,99,92,94,94,90,90,80,112,105,97,112,104,103,157,98,81",
                        "endOffsets": "208,311,422,508,613,726,809,888,979,1072,1167,1261,1361,1454,1549,1644,1735,1826,1907,2020,2126,2224,2337,2442,2546,2704,2803,2885"
                    }
                }
            ]
        }
    ]
}