{
    "logs": [
        {
            "outputFile": "C:\\Users\\lucia\\AndroidStudioProjects\\Semana1\\app\\build\\intermediates\\incremental\\mergeDebugResources\\merged.dir\\values-ar\\values-ar.xml",
            "map": [
                {
                    "source": "C:\\Users\\lucia\\.gradle\\caches\\transforms-2\\files-2.1\\ff37b710ecf84191a2687617c776753e\\core-1.3.1\\res\\values-ar\\values-ar.xml",
                    "from": {
                        "startLines": "2",
                        "startColumns": "4",
                        "startOffsets": "55",
                        "endColumns": "100",
                        "endOffsets": "151"
                    },
                    "to": {
                        "startLines": "30",
                        "startColumns": "4",
                        "startOffsets": "2840",
                        "endColumns": "100",
                        "endOffsets": "2936"
                    }
                },
                {
                    "source": "C:\\Users\\lucia\\.gradle\\caches\\transforms-2\\files-2.1\\a527ad4f532df6b258c428a911debd89\\appcompat-1.2.0\\res\\values-ar\\values-ar.xml",
                    "from": {
                        "startLines": "2,3,4,5,6,7,8,9,10,11,12,13,14,15,16,17,18,19,20,21,22,23,24,25,26,27,28,29",
                        "startColumns": "4,4,4,4,4,4,4,4,4,4,4,4,4,4,4,4,4,4,4,4,4,4,4,4,4,4,4,4",
                        "startOffsets": "105,213,317,424,506,607,721,801,879,970,1063,1155,1249,1349,1442,1537,1630,1721,1815,1894,1999,2097,2195,2303,2403,2506,2661,2758",
                        "endColumns": "107,103,106,81,100,113,79,77,90,92,91,93,99,92,94,92,90,93,78,104,97,97,107,99,102,154,96,81",
                        "endOffsets": "208,312,419,501,602,716,796,874,965,1058,1150,1244,1344,1437,1532,1625,1716,1810,1889,1994,2092,2190,2298,2398,2501,2656,2753,2835"
                    }
                }
            ]
        }
    ]
}