{
    "logs": [
        {
            "outputFile": "C:\\Users\\lucia\\AndroidStudioProjects\\Semana1\\app\\build\\intermediates\\incremental\\mergeDebugResources\\merged.dir\\values-ur\\values-ur.xml",
            "map": [
                {
                    "source": "C:\\Users\\lucia\\.gradle\\caches\\transforms-2\\files-2.1\\ff37b710ecf84191a2687617c776753e\\core-1.3.1\\res\\values-ur\\values-ur.xml",
                    "from": {
                        "startLines": "2",
                        "startColumns": "4",
                        "startOffsets": "55",
                        "endColumns": "100",
                        "endOffsets": "151"
                    },
                    "to": {
                        "startLines": "30",
                        "startColumns": "4",
                        "startOffsets": "2918",
                        "endColumns": "100",
                        "endOffsets": "3014"
                    }
                },
                {
                    "source": "C:\\Users\\lucia\\.gradle\\caches\\transforms-2\\files-2.1\\a527ad4f532df6b258c428a911debd89\\appcompat-1.2.0\\res\\values-ur\\values-ur.xml",
                    "from": {
                        "startLines": "2,3,4,5,6,7,8,9,10,11,12,13,14,15,16,17,18,19,20,21,22,23,24,25,26,27,28,29",
                        "startColumns": "4,4,4,4,4,4,4,4,4,4,4,4,4,4,4,4,4,4,4,4,4,4,4,4,4,4,4,4",
                        "startOffsets": "105,219,325,434,520,624,744,821,896,988,1082,1177,1271,1372,1466,1562,1656,1748,1840,1925,2033,2139,2241,2352,2453,2569,2734,2832",
                        "endColumns": "113,105,108,85,103,119,76,74,91,93,94,93,100,93,95,93,91,91,84,107,105,101,110,100,115,164,97,85",
                        "endOffsets": "214,320,429,515,619,739,816,891,983,1077,1172,1266,1367,1461,1557,1651,1743,1835,1920,2028,2134,2236,2347,2448,2564,2729,2827,2913"
                    }
                }
            ]
        }
    ]
}