{
    "logs": [
        {
            "outputFile": "C:\\Users\\lucia\\AndroidStudioProjects\\Semana1\\app\\build\\intermediates\\incremental\\mergeDebugResources\\merged.dir\\values-as\\values-as.xml",
            "map": [
                {
                    "source": "C:\\Users\\lucia\\.gradle\\caches\\transforms-2\\files-2.1\\ff37b710ecf84191a2687617c776753e\\core-1.3.1\\res\\values-as\\values-as.xml",
                    "from": {
                        "startLines": "2",
                        "startColumns": "4",
                        "startOffsets": "55",
                        "endColumns": "100",
                        "endOffsets": "151"
                    },
                    "to": {
                        "startLines": "30",
                        "startColumns": "4",
                        "startOffsets": "2924",
                        "endColumns": "100",
                        "endOffsets": "3020"
                    }
                },
                {
                    "source": "C:\\Users\\lucia\\.gradle\\caches\\transforms-2\\files-2.1\\a527ad4f532df6b258c428a911debd89\\appcompat-1.2.0\\res\\values-as\\values-as.xml",
                    "from": {
                        "startLines": "2,3,4,5,6,7,8,9,10,11,12,13,14,15,16,17,18,19,20,21,22,23,24,25,26,27,28,29",
                        "startColumns": "4,4,4,4,4,4,4,4,4,4,4,4,4,4,4,4,4,4,4,4,4,4,4,4,4,4,4,4",
                        "startOffsets": "105,213,312,419,510,612,732,809,884,975,1068,1163,1257,1357,1450,1545,1639,1730,1821,1907,2020,2128,2227,2336,2452,2572,2739,2841",
                        "endColumns": "107,98,106,90,101,119,76,74,90,92,94,93,99,92,94,93,90,90,85,112,107,98,108,115,119,166,101,82",
                        "endOffsets": "208,307,414,505,607,727,804,879,970,1063,1158,1252,1352,1445,1540,1634,1725,1816,1902,2015,2123,2222,2331,2447,2567,2734,2836,2919"
                    }
                }
            ]
        }
    ]
}