{
    "logs": [
        {
            "outputFile": "C:\\Users\\lucia\\AndroidStudioProjects\\Semana1\\app\\build\\intermediates\\incremental\\mergeDebugResources\\merged.dir\\values-ru\\values-ru.xml",
            "map": [
                {
                    "source": "C:\\Users\\lucia\\.gradle\\caches\\transforms-2\\files-2.1\\ff37b710ecf84191a2687617c776753e\\core-1.3.1\\res\\values-ru\\values-ru.xml",
                    "from": {
                        "startLines": "2",
                        "startColumns": "4",
                        "startOffsets": "55",
                        "endColumns": "100",
                        "endOffsets": "151"
                    },
                    "to": {
                        "startLines": "30",
                        "startColumns": "4",
                        "startOffsets": "2904",
                        "endColumns": "100",
                        "endOffsets": "3000"
                    }
                },
                {
                    "source": "C:\\Users\\lucia\\.gradle\\caches\\transforms-2\\files-2.1\\a527ad4f532df6b258c428a911debd89\\appcompat-1.2.0\\res\\values-ru\\values-ru.xml",
                    "from": {
                        "startLines": "2,3,4,5,6,7,8,9,10,11,12,13,14,15,16,17,18,19,20,21,22,23,24,25,26,27,28,29",
                        "startColumns": "4,4,4,4,4,4,4,4,4,4,4,4,4,4,4,4,4,4,4,4,4,4,4,4,4,4,4,4",
                        "startOffsets": "105,220,322,421,507,612,733,812,888,980,1074,1169,1262,1357,1451,1547,1642,1734,1826,1915,2021,2128,2226,2335,2442,2556,2722,2822",
                        "endColumns": "114,101,98,85,104,120,78,75,91,93,94,92,94,93,95,94,91,91,88,105,106,97,108,106,113,165,99,81",
                        "endOffsets": "215,317,416,502,607,728,807,883,975,1069,1164,1257,1352,1446,1542,1637,1729,1821,1910,2016,2123,2221,2330,2437,2551,2717,2817,2899"
                    }
                }
            ]
        }
    ]
}