{
    "logs": [
        {
            "outputFile": "C:\\Users\\lucia\\AndroidStudioProjects\\Semana1\\app\\build\\intermediates\\incremental\\mergeDebugResources\\merged.dir\\values-pl\\values-pl.xml",
            "map": [
                {
                    "source": "C:\\Users\\lucia\\.gradle\\caches\\transforms-2\\files-2.1\\a527ad4f532df6b258c428a911debd89\\appcompat-1.2.0\\res\\values-pl\\values-pl.xml",
                    "from": {
                        "startLines": "2,3,4,5,6,7,8,9,10,11,12,13,14,15,16,17,18,19,20,21,22,23,24,25,26,27,28,29",
                        "startColumns": "4,4,4,4,4,4,4,4,4,4,4,4,4,4,4,4,4,4,4,4,4,4,4,4,4,4,4,4",
                        "startOffsets": "105,220,322,430,516,623,742,821,897,988,1081,1176,1270,1371,1464,1559,1654,1745,1836,1918,2027,2127,2226,2335,2447,2558,2721,2817",
                        "endColumns": "114,101,107,85,106,118,78,75,90,92,94,93,100,92,94,94,90,90,81,108,99,98,108,111,110,162,95,82",
                        "endOffsets": "215,317,425,511,618,737,816,892,983,1076,1171,1265,1366,1459,1554,1649,1740,1831,1913,2022,2122,2221,2330,2442,2553,2716,2812,2895"
                    }
                },
                {
                    "source": "C:\\Users\\lucia\\.gradle\\caches\\transforms-2\\files-2.1\\ff37b710ecf84191a2687617c776753e\\core-1.3.1\\res\\values-pl\\values-pl.xml",
                    "from": {
                        "startLines": "2",
                        "startColumns": "4",
                        "startOffsets": "55",
                        "endColumns": "100",
                        "endOffsets": "151"
                    },
                    "to": {
                        "startLines": "30",
                        "startColumns": "4",
                        "startOffsets": "2900",
                        "endColumns": "100",
                        "endOffsets": "2996"
                    }
                }
            ]
        }
    ]
}