{
    "logs": [
        {
            "outputFile": "C:\\Users\\lucia\\AndroidStudioProjects\\Semana1\\app\\build\\intermediates\\incremental\\mergeDebugResources\\merged.dir\\values-mn\\values-mn.xml",
            "map": [
                {
                    "source": "C:\\Users\\lucia\\.gradle\\caches\\transforms-2\\files-2.1\\a527ad4f532df6b258c428a911debd89\\appcompat-1.2.0\\res\\values-mn\\values-mn.xml",
                    "from": {
                        "startLines": "2,3,4,5,6,7,8,9,10,11,12,13,14,15,16,17,18,19,20,21,22,23,24,25,26,27,28,29",
                        "startColumns": "4,4,4,4,4,4,4,4,4,4,4,4,4,4,4,4,4,4,4,4,4,4,4,4,4,4,4,4",
                        "startOffsets": "105,219,319,428,514,620,734,817,898,989,1082,1177,1273,1370,1463,1557,1649,1740,1830,1910,2017,2120,2217,2324,2426,2539,2698,2797",
                        "endColumns": "113,99,108,85,105,113,82,80,90,92,94,95,96,92,93,91,90,89,79,106,102,96,106,101,112,158,98,80",
                        "endOffsets": "214,314,423,509,615,729,812,893,984,1077,1172,1268,1365,1458,1552,1644,1735,1825,1905,2012,2115,2212,2319,2421,2534,2693,2792,2873"
                    }
                },
                {
                    "source": "C:\\Users\\lucia\\.gradle\\caches\\transforms-2\\files-2.1\\ff37b710ecf84191a2687617c776753e\\core-1.3.1\\res\\values-mn\\values-mn.xml",
                    "from": {
                        "startLines": "2",
                        "startColumns": "4",
                        "startOffsets": "55",
                        "endColumns": "100",
                        "endOffsets": "151"
                    },
                    "to": {
                        "startLines": "30",
                        "startColumns": "4",
                        "startOffsets": "2878",
                        "endColumns": "100",
                        "endOffsets": "2974"
                    }
                }
            ]
        }
    ]
}