{
    "logs": [
        {
            "outputFile": "C:\\Users\\lucia\\AndroidStudioProjects\\Semana1\\app\\build\\intermediates\\incremental\\mergeDebugResources\\merged.dir\\values-ml\\values-ml.xml",
            "map": [
                {
                    "source": "C:\\Users\\lucia\\.gradle\\caches\\transforms-2\\files-2.1\\a527ad4f532df6b258c428a911debd89\\appcompat-1.2.0\\res\\values-ml\\values-ml.xml",
                    "from": {
                        "startLines": "2,3,4,5,6,7,8,9,10,11,12,13,14,15,16,17,18,19,20,21,22,23,24,25,26,27,28,29",
                        "startColumns": "4,4,4,4,4,4,4,4,4,4,4,4,4,4,4,4,4,4,4,4,4,4,4,4,4,4,4,4",
                        "startOffsets": "105,212,318,429,520,625,747,825,900,991,1084,1185,1279,1379,1473,1568,1667,1758,1849,1931,2040,2144,2243,2355,2467,2588,2753,2854",
                        "endColumns": "106,105,110,90,104,121,77,74,90,92,100,93,99,93,94,98,90,90,81,108,103,98,111,111,120,164,100,82",
                        "endOffsets": "207,313,424,515,620,742,820,895,986,1079,1180,1274,1374,1468,1563,1662,1753,1844,1926,2035,2139,2238,2350,2462,2583,2748,2849,2932"
                    }
                },
                {
                    "source": "C:\\Users\\lucia\\.gradle\\caches\\transforms-2\\files-2.1\\ff37b710ecf84191a2687617c776753e\\core-1.3.1\\res\\values-ml\\values-ml.xml",
                    "from": {
                        "startLines": "2",
                        "startColumns": "4",
                        "startOffsets": "55",
                        "endColumns": "100",
                        "endOffsets": "151"
                    },
                    "to": {
                        "startLines": "30",
                        "startColumns": "4",
                        "startOffsets": "2937",
                        "endColumns": "100",
                        "endOffsets": "3033"
                    }
                }
            ]
        }
    ]
}