{
    "logs": [
        {
            "outputFile": "C:\\Users\\lucia\\AndroidStudioProjects\\Semana1\\app\\build\\intermediates\\incremental\\mergeDebugResources\\merged.dir\\values-tr\\values-tr.xml",
            "map": [
                {
                    "source": "C:\\Users\\lucia\\.gradle\\caches\\transforms-2\\files-2.1\\a527ad4f532df6b258c428a911debd89\\appcompat-1.2.0\\res\\values-tr\\values-tr.xml",
                    "from": {
                        "startLines": "2,3,4,5,6,7,8,9,10,11,12,13,14,15,16,17,18,19,20,21,22,23,24,25,26,27,28,29",
                        "startColumns": "4,4,4,4,4,4,4,4,4,4,4,4,4,4,4,4,4,4,4,4,4,4,4,4,4,4,4,4",
                        "startOffsets": "105,219,318,430,515,621,741,821,896,987,1080,1172,1266,1366,1459,1561,1656,1747,1838,1917,2024,2128,2224,2331,2434,2543,2699,2797",
                        "endColumns": "113,98,111,84,105,119,79,74,90,92,91,93,99,92,101,94,90,90,78,106,103,95,106,102,108,155,97,79",
                        "endOffsets": "214,313,425,510,616,736,816,891,982,1075,1167,1261,1361,1454,1556,1651,1742,1833,1912,2019,2123,2219,2326,2429,2538,2694,2792,2872"
                    }
                },
                {
                    "source": "C:\\Users\\lucia\\.gradle\\caches\\transforms-2\\files-2.1\\ff37b710ecf84191a2687617c776753e\\core-1.3.1\\res\\values-tr\\values-tr.xml",
                    "from": {
                        "startLines": "2",
                        "startColumns": "4",
                        "startOffsets": "55",
                        "endColumns": "100",
                        "endOffsets": "151"
                    },
                    "to": {
                        "startLines": "30",
                        "startColumns": "4",
                        "startOffsets": "2877",
                        "endColumns": "100",
                        "endOffsets": "2973"
                    }
                }
            ]
        }
    ]
}