{
    "logs": [
        {
            "outputFile": "C:\\Users\\lucia\\AndroidStudioProjects\\Semana1\\app\\build\\intermediates\\incremental\\mergeDebugResources\\merged.dir\\values-sl\\values-sl.xml",
            "map": [
                {
                    "source": "C:\\Users\\lucia\\.gradle\\caches\\transforms-2\\files-2.1\\ff37b710ecf84191a2687617c776753e\\core-1.3.1\\res\\values-sl\\values-sl.xml",
                    "from": {
                        "startLines": "2",
                        "startColumns": "4",
                        "startOffsets": "55",
                        "endColumns": "100",
                        "endOffsets": "151"
                    },
                    "to": {
                        "startLines": "30",
                        "startColumns": "4",
                        "startOffsets": "2935",
                        "endColumns": "100",
                        "endOffsets": "3031"
                    }
                },
                {
                    "source": "C:\\Users\\lucia\\.gradle\\caches\\transforms-2\\files-2.1\\a527ad4f532df6b258c428a911debd89\\appcompat-1.2.0\\res\\values-sl\\values-sl.xml",
                    "from": {
                        "startLines": "2,3,4,5,6,7,8,9,10,11,12,13,14,15,16,17,18,19,20,21,22,23,24,25,26,27,28,29",
                        "startColumns": "4,4,4,4,4,4,4,4,4,4,4,4,4,4,4,4,4,4,4,4,4,4,4,4,4,4,4,4",
                        "startOffsets": "105,217,319,427,514,617,736,817,895,987,1081,1176,1270,1365,1459,1555,1655,1747,1839,1923,2031,2139,2239,2352,2460,2568,2751,2851",
                        "endColumns": "111,101,107,86,102,118,80,77,91,93,94,93,94,93,95,99,91,91,83,107,107,99,112,107,107,182,99,83",
                        "endOffsets": "212,314,422,509,612,731,812,890,982,1076,1171,1265,1360,1454,1550,1650,1742,1834,1918,2026,2134,2234,2347,2455,2563,2746,2846,2930"
                    }
                }
            ]
        }
    ]
}