{
    "logs": [
        {
            "outputFile": "C:\\Users\\lucia\\AndroidStudioProjects\\Semana1\\app\\build\\intermediates\\incremental\\mergeDebugResources\\merged.dir\\values-v28\\values-v28.xml",
            "map": [
                {
                    "source": "C:\\Users\\lucia\\.gradle\\caches\\transforms-2\\files-2.1\\a527ad4f532df6b258c428a911debd89\\appcompat-1.2.0\\res\\values-v28\\values-v28.xml",
                    "from": {
                        "startLines": "2,3,4,8",
                        "startColumns": "4,4,4,4",
                        "startOffsets": "55,130,217,447",
                        "endLines": "2,3,7,11",
                        "endColumns": "74,86,12,12",
                        "endOffsets": "125,212,442,684"
                    },
                    "to": {
                        "startLines": "10,11,12,16",
                        "startColumns": "4,4,4,4",
                        "startOffsets": "755,830,917,1147",
                        "endLines": "10,11,15,19",
                        "endColumns": "74,86,12,12",
                        "endOffsets": "825,912,1142,1384"
                    }
                },
                {
                    "source": "C:\\Users\\lucia\\.gradle\\caches\\transforms-2\\files-2.1\\0c7fcc8a97f042e68b1c574b2ffeaf0b\\material-1.1.0\\res\\values-v28\\values-v28.xml",
                    "from": {
                        "startLines": "2,3,4,5,6,7,8,9",
                        "startColumns": "4,4,4,4,4,4,4,4",
                        "startOffsets": "55,143,231,319,407,494,581,668",
                        "endColumns": "87,87,87,87,86,86,86,86",
                        "endOffsets": "138,226,314,402,489,576,663,750"
                    }
                }
            ]
        }
    ]
}