{
    "logs": [
        {
            "outputFile": "C:\\Users\\lucia\\AndroidStudioProjects\\Semana1\\app\\build\\intermediates\\incremental\\mergeDebugResources\\merged.dir\\values-eu\\values-eu.xml",
            "map": [
                {
                    "source": "C:\\Users\\lucia\\.gradle\\caches\\transforms-2\\files-2.1\\a527ad4f532df6b258c428a911debd89\\appcompat-1.2.0\\res\\values-eu\\values-eu.xml",
                    "from": {
                        "startLines": "2,3,4,5,6,7,8,9,10,11,12,13,14,15,16,17,18,19,20,21,22,23,24,25,26,27,28,29",
                        "startColumns": "4,4,4,4,4,4,4,4,4,4,4,4,4,4,4,4,4,4,4,4,4,4,4,4,4,4,4,4",
                        "startOffsets": "105,214,312,422,508,614,738,824,905,997,1091,1187,1281,1382,1476,1572,1669,1761,1854,1936,2045,2154,2253,2362,2469,2580,2751,2850",
                        "endColumns": "108,97,109,85,105,123,85,80,91,93,95,93,100,93,95,96,91,92,81,108,108,98,108,106,110,170,98,82",
                        "endOffsets": "209,307,417,503,609,733,819,900,992,1086,1182,1276,1377,1471,1567,1664,1756,1849,1931,2040,2149,2248,2357,2464,2575,2746,2845,2928"
                    }
                },
                {
                    "source": "C:\\Users\\lucia\\.gradle\\caches\\transforms-2\\files-2.1\\ff37b710ecf84191a2687617c776753e\\core-1.3.1\\res\\values-eu\\values-eu.xml",
                    "from": {
                        "startLines": "2",
                        "startColumns": "4",
                        "startOffsets": "55",
                        "endColumns": "100",
                        "endOffsets": "151"
                    },
                    "to": {
                        "startLines": "30",
                        "startColumns": "4",
                        "startOffsets": "2933",
                        "endColumns": "100",
                        "endOffsets": "3029"
                    }
                }
            ]
        }
    ]
}