{
    "logs": [
        {
            "outputFile": "C:\\Users\\lucia\\AndroidStudioProjects\\Semana1\\app\\build\\intermediates\\incremental\\mergeDebugResources\\merged.dir\\values-bs\\values-bs.xml",
            "map": [
                {
                    "source": "C:\\Users\\lucia\\.gradle\\caches\\transforms-2\\files-2.1\\a527ad4f532df6b258c428a911debd89\\appcompat-1.2.0\\res\\values-bs\\values-bs.xml",
                    "from": {
                        "startLines": "2,3,4,5,6,7,8,9,10,11,12,13,14,15,16,17,18,19,20,21,22,23,24,25,26,27,28,29",
                        "startColumns": "4,4,4,4,4,4,4,4,4,4,4,4,4,4,4,4,4,4,4,4,4,4,4,4,4,4,4,4",
                        "startOffsets": "105,226,323,430,516,620,742,827,909,1000,1093,1188,1282,1382,1475,1570,1665,1756,1847,1935,2038,2142,2243,2348,2462,2565,2734,2830",
                        "endColumns": "120,96,106,85,103,121,84,81,90,92,94,93,99,92,94,94,90,90,87,102,103,100,104,113,102,168,95,86",
                        "endOffsets": "221,318,425,511,615,737,822,904,995,1088,1183,1277,1377,1470,1565,1660,1751,1842,1930,2033,2137,2238,2343,2457,2560,2729,2825,2912"
                    }
                },
                {
                    "source": "C:\\Users\\lucia\\.gradle\\caches\\transforms-2\\files-2.1\\ff37b710ecf84191a2687617c776753e\\core-1.3.1\\res\\values-bs\\values-bs.xml",
                    "from": {
                        "startLines": "2",
                        "startColumns": "4",
                        "startOffsets": "55",
                        "endColumns": "100",
                        "endOffsets": "151"
                    },
                    "to": {
                        "startLines": "30",
                        "startColumns": "4",
                        "startOffsets": "2917",
                        "endColumns": "100",
                        "endOffsets": "3013"
                    }
                }
            ]
        }
    ]
}