{
    "logs": [
        {
            "outputFile": "C:\\Users\\lucia\\AndroidStudioProjects\\Semana1\\app\\build\\intermediates\\incremental\\mergeDebugResources\\merged.dir\\values-uk\\values-uk.xml",
            "map": [
                {
                    "source": "C:\\Users\\lucia\\.gradle\\caches\\transforms-2\\files-2.1\\a527ad4f532df6b258c428a911debd89\\appcompat-1.2.0\\res\\values-uk\\values-uk.xml",
                    "from": {
                        "startLines": "2,3,4,5,6,7,8,9,10,11,12,13,14,15,16,17,18,19,20,21,22,23,24,25,26,27,28,29",
                        "startColumns": "4,4,4,4,4,4,4,4,4,4,4,4,4,4,4,4,4,4,4,4,4,4,4,4,4,4,4,4",
                        "startOffsets": "105,214,316,424,510,615,733,814,893,984,1077,1172,1266,1366,1459,1554,1649,1740,1831,1930,2036,2142,2240,2347,2454,2559,2729,2829",
                        "endColumns": "108,101,107,85,104,117,80,78,90,92,94,93,99,92,94,94,90,90,98,105,105,97,106,106,104,169,99,81",
                        "endOffsets": "209,311,419,505,610,728,809,888,979,1072,1167,1261,1361,1454,1549,1644,1735,1826,1925,2031,2137,2235,2342,2449,2554,2724,2824,2906"
                    }
                },
                {
                    "source": "C:\\Users\\lucia\\.gradle\\caches\\transforms-2\\files-2.1\\ff37b710ecf84191a2687617c776753e\\core-1.3.1\\res\\values-uk\\values-uk.xml",
                    "from": {
                        "startLines": "2",
                        "startColumns": "4",
                        "startOffsets": "55",
                        "endColumns": "100",
                        "endOffsets": "151"
                    },
                    "to": {
                        "startLines": "30",
                        "startColumns": "4",
                        "startOffsets": "2911",
                        "endColumns": "100",
                        "endOffsets": "3007"
                    }
                }
            ]
        }
    ]
}