{
    "logs": [
        {
            "outputFile": "C:\\Users\\lucia\\AndroidStudioProjects\\Semana1\\app\\build\\intermediates\\incremental\\mergeDebugResources\\merged.dir\\values-zu\\values-zu.xml",
            "map": [
                {
                    "source": "C:\\Users\\lucia\\.gradle\\caches\\transforms-2\\files-2.1\\ff37b710ecf84191a2687617c776753e\\core-1.3.1\\res\\values-zu\\values-zu.xml",
                    "from": {
                        "startLines": "2",
                        "startColumns": "4",
                        "startOffsets": "55",
                        "endColumns": "100",
                        "endOffsets": "151"
                    },
                    "to": {
                        "startLines": "30",
                        "startColumns": "4",
                        "startOffsets": "2873",
                        "endColumns": "100",
                        "endOffsets": "2969"
                    }
                },
                {
                    "source": "C:\\Users\\lucia\\.gradle\\caches\\transforms-2\\files-2.1\\a527ad4f532df6b258c428a911debd89\\appcompat-1.2.0\\res\\values-zu\\values-zu.xml",
                    "from": {
                        "startLines": "2,3,4,5,6,7,8,9,10,11,12,13,14,15,16,17,18,19,20,21,22,23,24,25,26,27,28,29",
                        "startColumns": "4,4,4,4,4,4,4,4,4,4,4,4,4,4,4,4,4,4,4,4,4,4,4,4,4,4,4,4",
                        "startOffsets": "105,213,320,432,520,623,738,817,894,985,1078,1173,1267,1367,1460,1555,1649,1740,1833,1914,2018,2121,2219,2326,2433,2538,2695,2791",
                        "endColumns": "107,106,111,87,102,114,78,76,90,92,94,93,99,92,94,93,90,92,80,103,102,97,106,106,104,156,95,81",
                        "endOffsets": "208,315,427,515,618,733,812,889,980,1073,1168,1262,1362,1455,1550,1644,1735,1828,1909,2013,2116,2214,2321,2428,2533,2690,2786,2868"
                    }
                }
            ]
        }
    ]
}