{
    "logs": [
        {
            "outputFile": "C:\\Users\\lucia\\AndroidStudioProjects\\Semana1\\app\\build\\intermediates\\incremental\\mergeDebugResources\\merged.dir\\values-pa\\values-pa.xml",
            "map": [
                {
                    "source": "C:\\Users\\lucia\\.gradle\\caches\\transforms-2\\files-2.1\\ff37b710ecf84191a2687617c776753e\\core-1.3.1\\res\\values-pa\\values-pa.xml",
                    "from": {
                        "startLines": "2",
                        "startColumns": "4",
                        "startOffsets": "55",
                        "endColumns": "100",
                        "endOffsets": "151"
                    },
                    "to": {
                        "startLines": "30",
                        "startColumns": "4",
                        "startOffsets": "2847",
                        "endColumns": "100",
                        "endOffsets": "2943"
                    }
                },
                {
                    "source": "C:\\Users\\lucia\\.gradle\\caches\\transforms-2\\files-2.1\\a527ad4f532df6b258c428a911debd89\\appcompat-1.2.0\\res\\values-pa\\values-pa.xml",
                    "from": {
                        "startLines": "2,3,4,5,6,7,8,9,10,11,12,13,14,15,16,17,18,19,20,21,22,23,24,25,26,27,28,29",
                        "startColumns": "4,4,4,4,4,4,4,4,4,4,4,4,4,4,4,4,4,4,4,4,4,4,4,4,4,4,4,4",
                        "startOffsets": "105,208,305,410,496,596,709,787,864,955,1048,1142,1236,1336,1429,1524,1618,1709,1800,1879,1989,2092,2188,2299,2401,2511,2670,2767",
                        "endColumns": "102,96,104,85,99,112,77,76,90,92,93,93,99,92,94,93,90,90,78,109,102,95,110,101,109,158,96,79",
                        "endOffsets": "203,300,405,491,591,704,782,859,950,1043,1137,1231,1331,1424,1519,1613,1704,1795,1874,1984,2087,2183,2294,2396,2506,2665,2762,2842"
                    }
                }
            ]
        }
    ]
}