{
    "logs": [
        {
            "outputFile": "C:\\Users\\lucia\\AndroidStudioProjects\\Semana1\\app\\build\\intermediates\\incremental\\mergeDebugResources\\merged.dir\\values-th\\values-th.xml",
            "map": [
                {
                    "source": "C:\\Users\\lucia\\.gradle\\caches\\transforms-2\\files-2.1\\a527ad4f532df6b258c428a911debd89\\appcompat-1.2.0\\res\\values-th\\values-th.xml",
                    "from": {
                        "startLines": "2,3,4,5,6,7,8,9,10,11,12,13,14,15,16,17,18,19,20,21,22,23,24,25,26,27,28,29",
                        "startColumns": "4,4,4,4,4,4,4,4,4,4,4,4,4,4,4,4,4,4,4,4,4,4,4,4,4,4,4,4",
                        "startOffsets": "105,210,303,411,496,598,708,786,863,954,1047,1138,1232,1332,1425,1520,1614,1705,1796,1877,1980,2078,2176,2279,2385,2486,2639,2734",
                        "endColumns": "104,92,107,84,101,109,77,76,90,92,90,93,99,92,94,93,90,90,80,102,97,97,102,105,100,152,94,81",
                        "endOffsets": "205,298,406,491,593,703,781,858,949,1042,1133,1227,1327,1420,1515,1609,1700,1791,1872,1975,2073,2171,2274,2380,2481,2634,2729,2811"
                    }
                },
                {
                    "source": "C:\\Users\\lucia\\.gradle\\caches\\transforms-2\\files-2.1\\ff37b710ecf84191a2687617c776753e\\core-1.3.1\\res\\values-th\\values-th.xml",
                    "from": {
                        "startLines": "2",
                        "startColumns": "4",
                        "startOffsets": "55",
                        "endColumns": "100",
                        "endOffsets": "151"
                    },
                    "to": {
                        "startLines": "30",
                        "startColumns": "4",
                        "startOffsets": "2816",
                        "endColumns": "100",
                        "endOffsets": "2912"
                    }
                }
            ]
        }
    ]
}