{
    "logs": [
        {
            "outputFile": "C:\\Users\\lucia\\AndroidStudioProjects\\Semana1\\app\\build\\intermediates\\incremental\\mergeDebugResources\\merged.dir\\values-fr\\values-fr.xml",
            "map": [
                {
                    "source": "C:\\Users\\lucia\\.gradle\\caches\\transforms-2\\files-2.1\\a527ad4f532df6b258c428a911debd89\\appcompat-1.2.0\\res\\values-fr\\values-fr.xml",
                    "from": {
                        "startLines": "2,3,4,5,6,7,8,9,10,11,12,13,14,15,16,17,18,19,20,21,22,23,24,25,26,27,28,29",
                        "startColumns": "4,4,4,4,4,4,4,4,4,4,4,4,4,4,4,4,4,4,4,4,4,4,4,4,4,4,4,4",
                        "startOffsets": "105,216,331,441,523,629,759,837,913,1004,1097,1195,1290,1390,1483,1576,1671,1762,1853,1939,2049,2160,2263,2374,2482,2589,2748,2847",
                        "endColumns": "110,114,109,81,105,129,77,75,90,92,97,94,99,92,92,94,90,90,85,109,110,102,110,107,106,158,98,86",
                        "endOffsets": "211,326,436,518,624,754,832,908,999,1092,1190,1285,1385,1478,1571,1666,1757,1848,1934,2044,2155,2258,2369,2477,2584,2743,2842,2929"
                    }
                },
                {
                    "source": "C:\\Users\\lucia\\.gradle\\caches\\transforms-2\\files-2.1\\ff37b710ecf84191a2687617c776753e\\core-1.3.1\\res\\values-fr\\values-fr.xml",
                    "from": {
                        "startLines": "2",
                        "startColumns": "4",
                        "startOffsets": "55",
                        "endColumns": "100",
                        "endOffsets": "151"
                    },
                    "to": {
                        "startLines": "30",
                        "startColumns": "4",
                        "startOffsets": "2934",
                        "endColumns": "100",
                        "endOffsets": "3030"
                    }
                }
            ]
        }
    ]
}