{
    "logs": [
        {
            "outputFile": "C:\\Users\\lucia\\AndroidStudioProjects\\Semana1\\app\\build\\intermediates\\incremental\\mergeDebugResources\\merged.dir\\values-ta\\values-ta.xml",
            "map": [
                {
                    "source": "C:\\Users\\lucia\\.gradle\\caches\\transforms-2\\files-2.1\\a527ad4f532df6b258c428a911debd89\\appcompat-1.2.0\\res\\values-ta\\values-ta.xml",
                    "from": {
                        "startLines": "2,3,4,5,6,7,8,9,10,11,12,13,14,15,16,17,18,19,20,21,22,23,24,25,26,27,28,29",
                        "startColumns": "4,4,4,4,4,4,4,4,4,4,4,4,4,4,4,4,4,4,4,4,4,4,4,4,4,4,4,4",
                        "startOffsets": "105,218,320,435,524,635,756,835,911,1009,1109,1204,1298,1405,1505,1607,1701,1799,1897,1978,2086,2189,2288,2404,2507,2612,2769,2871",
                        "endColumns": "112,101,114,88,110,120,78,75,97,99,94,93,106,99,101,93,97,97,80,107,102,98,115,102,104,156,101,81",
                        "endOffsets": "213,315,430,519,630,751,830,906,1004,1104,1199,1293,1400,1500,1602,1696,1794,1892,1973,2081,2184,2283,2399,2502,2607,2764,2866,2948"
                    }
                },
                {
                    "source": "C:\\Users\\lucia\\.gradle\\caches\\transforms-2\\files-2.1\\ff37b710ecf84191a2687617c776753e\\core-1.3.1\\res\\values-ta\\values-ta.xml",
                    "from": {
                        "startLines": "2",
                        "startColumns": "4",
                        "startOffsets": "55",
                        "endColumns": "100",
                        "endOffsets": "151"
                    },
                    "to": {
                        "startLines": "30",
                        "startColumns": "4",
                        "startOffsets": "2953",
                        "endColumns": "100",
                        "endOffsets": "3049"
                    }
                }
            ]
        }
    ]
}