{
    "logs": [
        {
            "outputFile": "C:\\Users\\lucia\\AndroidStudioProjects\\Semana1\\app\\build\\intermediates\\incremental\\mergeDebugResources\\merged.dir\\values-ca\\values-ca.xml",
            "map": [
                {
                    "source": "C:\\Users\\lucia\\.gradle\\caches\\transforms-2\\files-2.1\\ff37b710ecf84191a2687617c776753e\\core-1.3.1\\res\\values-ca\\values-ca.xml",
                    "from": {
                        "startLines": "2",
                        "startColumns": "4",
                        "startOffsets": "55",
                        "endColumns": "100",
                        "endOffsets": "151"
                    },
                    "to": {
                        "startLines": "30",
                        "startColumns": "4",
                        "startOffsets": "2912",
                        "endColumns": "100",
                        "endOffsets": "3008"
                    }
                },
                {
                    "source": "C:\\Users\\lucia\\.gradle\\caches\\transforms-2\\files-2.1\\a527ad4f532df6b258c428a911debd89\\appcompat-1.2.0\\res\\values-ca\\values-ca.xml",
                    "from": {
                        "startLines": "2,3,4,5,6,7,8,9,10,11,12,13,14,15,16,17,18,19,20,21,22,23,24,25,26,27,28,29",
                        "startColumns": "4,4,4,4,4,4,4,4,4,4,4,4,4,4,4,4,4,4,4,4,4,4,4,4,4,4,4,4",
                        "startOffsets": "105,228,333,440,523,629,755,839,918,1009,1102,1195,1290,1388,1481,1574,1668,1759,1850,1931,2042,2150,2248,2358,2463,2571,2731,2830",
                        "endColumns": "122,104,106,82,105,125,83,78,90,92,92,94,97,92,92,93,90,90,80,110,107,97,109,104,107,159,98,81",
                        "endOffsets": "223,328,435,518,624,750,834,913,1004,1097,1190,1285,1383,1476,1569,1663,1754,1845,1926,2037,2145,2243,2353,2458,2566,2726,2825,2907"
                    }
                }
            ]
        }
    ]
}