{
    "logs": [
        {
            "outputFile": "C:\\Users\\lucia\\AndroidStudioProjects\\Semana1\\app\\build\\intermediates\\incremental\\mergeDebugResources\\merged.dir\\values-mk\\values-mk.xml",
            "map": [
                {
                    "source": "C:\\Users\\lucia\\.gradle\\caches\\transforms-2\\files-2.1\\a527ad4f532df6b258c428a911debd89\\appcompat-1.2.0\\res\\values-mk\\values-mk.xml",
                    "from": {
                        "startLines": "2,3,4,5,6,7,8,9,10,11,12,13,14,15,16,17,18,19,20,21,22,23,24,25,26,27,28,29",
                        "startColumns": "4,4,4,4,4,4,4,4,4,4,4,4,4,4,4,4,4,4,4,4,4,4,4,4,4,4,4,4",
                        "startOffsets": "105,213,317,425,511,619,738,822,903,994,1087,1183,1277,1377,1470,1565,1661,1752,1843,1930,2036,2142,2243,2350,2462,2566,2722,2820",
                        "endColumns": "107,103,107,85,107,118,83,80,90,92,95,93,99,92,94,95,90,90,86,105,105,100,106,111,103,155,97,84",
                        "endOffsets": "208,312,420,506,614,733,817,898,989,1082,1178,1272,1372,1465,1560,1656,1747,1838,1925,2031,2137,2238,2345,2457,2561,2717,2815,2900"
                    }
                },
                {
                    "source": "C:\\Users\\lucia\\.gradle\\caches\\transforms-2\\files-2.1\\ff37b710ecf84191a2687617c776753e\\core-1.3.1\\res\\values-mk\\values-mk.xml",
                    "from": {
                        "startLines": "2",
                        "startColumns": "4",
                        "startOffsets": "55",
                        "endColumns": "100",
                        "endOffsets": "151"
                    },
                    "to": {
                        "startLines": "30",
                        "startColumns": "4",
                        "startOffsets": "2905",
                        "endColumns": "100",
                        "endOffsets": "3001"
                    }
                }
            ]
        }
    ]
}