{
    "logs": [
        {
            "outputFile": "C:\\Users\\lucia\\AndroidStudioProjects\\Semana1\\app\\build\\intermediates\\incremental\\mergeDebugResources\\merged.dir\\values-kn\\values-kn.xml",
            "map": [
                {
                    "source": "C:\\Users\\lucia\\.gradle\\caches\\transforms-2\\files-2.1\\ff37b710ecf84191a2687617c776753e\\core-1.3.1\\res\\values-kn\\values-kn.xml",
                    "from": {
                        "startLines": "2",
                        "startColumns": "4",
                        "startOffsets": "55",
                        "endColumns": "100",
                        "endOffsets": "151"
                    },
                    "to": {
                        "startLines": "30",
                        "startColumns": "4",
                        "startOffsets": "2942",
                        "endColumns": "100",
                        "endOffsets": "3038"
                    }
                },
                {
                    "source": "C:\\Users\\lucia\\.gradle\\caches\\transforms-2\\files-2.1\\a527ad4f532df6b258c428a911debd89\\appcompat-1.2.0\\res\\values-kn\\values-kn.xml",
                    "from": {
                        "startLines": "2,3,4,5,6,7,8,9,10,11,12,13,14,15,16,17,18,19,20,21,22,23,24,25,26,27,28,29",
                        "startColumns": "4,4,4,4,4,4,4,4,4,4,4,4,4,4,4,4,4,4,4,4,4,4,4,4,4,4,4,4",
                        "startOffsets": "105,219,331,444,532,639,765,843,919,1010,1103,1198,1292,1392,1485,1580,1674,1765,1856,1938,2054,2164,2263,2376,2481,2595,2759,2859",
                        "endColumns": "113,111,112,87,106,125,77,75,90,92,94,93,99,92,94,93,90,90,81,115,109,98,112,104,113,163,99,82",
                        "endOffsets": "214,326,439,527,634,760,838,914,1005,1098,1193,1287,1387,1480,1575,1669,1760,1851,1933,2049,2159,2258,2371,2476,2590,2754,2854,2937"
                    }
                }
            ]
        }
    ]
}