{
    "logs": [
        {
            "outputFile": "C:\\Users\\lucia\\AndroidStudioProjects\\Semana1\\app\\build\\intermediates\\incremental\\mergeDebugResources\\merged.dir\\values-bn\\values-bn.xml",
            "map": [
                {
                    "source": "C:\\Users\\lucia\\.gradle\\caches\\transforms-2\\files-2.1\\ff37b710ecf84191a2687617c776753e\\core-1.3.1\\res\\values-bn\\values-bn.xml",
                    "from": {
                        "startLines": "2",
                        "startColumns": "4",
                        "startOffsets": "55",
                        "endColumns": "100",
                        "endOffsets": "151"
                    },
                    "to": {
                        "startLines": "30",
                        "startColumns": "4",
                        "startOffsets": "2922",
                        "endColumns": "100",
                        "endOffsets": "3018"
                    }
                },
                {
                    "source": "C:\\Users\\lucia\\.gradle\\caches\\transforms-2\\files-2.1\\a527ad4f532df6b258c428a911debd89\\appcompat-1.2.0\\res\\values-bn\\values-bn.xml",
                    "from": {
                        "startLines": "2,3,4,5,6,7,8,9,10,11,12,13,14,15,16,17,18,19,20,21,22,23,24,25,26,27,28,29",
                        "startColumns": "4,4,4,4,4,4,4,4,4,4,4,4,4,4,4,4,4,4,4,4,4,4,4,4,4,4,4,4",
                        "startOffsets": "105,213,319,425,514,619,740,823,905,996,1089,1183,1277,1377,1470,1565,1659,1750,1841,1927,2037,2141,2244,2352,2460,2565,2730,2835",
                        "endColumns": "107,105,105,88,104,120,82,81,90,92,93,93,99,92,94,93,90,90,85,109,103,102,107,107,104,164,104,86",
                        "endOffsets": "208,314,420,509,614,735,818,900,991,1084,1178,1272,1372,1465,1560,1654,1745,1836,1922,2032,2136,2239,2347,2455,2560,2725,2830,2917"
                    }
                }
            ]
        }
    ]
}