{
    "logs": [
        {
            "outputFile": "C:\\Users\\lucia\\AndroidStudioProjects\\Semana1\\app\\build\\intermediates\\incremental\\mergeDebugResources\\merged.dir\\values-ne\\values-ne.xml",
            "map": [
                {
                    "source": "C:\\Users\\lucia\\.gradle\\caches\\transforms-2\\files-2.1\\a527ad4f532df6b258c428a911debd89\\appcompat-1.2.0\\res\\values-ne\\values-ne.xml",
                    "from": {
                        "startLines": "2,3,4,5,6,7,8,9,10,11,12,13,14,15,16,17,18,19,20,21,22,23,24,25,26,27,28,29",
                        "startColumns": "4,4,4,4,4,4,4,4,4,4,4,4,4,4,4,4,4,4,4,4,4,4,4,4,4,4,4,4",
                        "startOffsets": "105,216,327,435,526,633,760,844,923,1014,1107,1202,1296,1396,1489,1584,1678,1769,1860,1946,2059,2160,2256,2369,2479,2603,2777,2888",
                        "endColumns": "110,110,107,90,106,126,83,78,90,92,94,93,99,92,94,93,90,90,85,112,100,95,112,109,123,173,110,79",
                        "endOffsets": "211,322,430,521,628,755,839,918,1009,1102,1197,1291,1391,1484,1579,1673,1764,1855,1941,2054,2155,2251,2364,2474,2598,2772,2883,2963"
                    }
                },
                {
                    "source": "C:\\Users\\lucia\\.gradle\\caches\\transforms-2\\files-2.1\\ff37b710ecf84191a2687617c776753e\\core-1.3.1\\res\\values-ne\\values-ne.xml",
                    "from": {
                        "startLines": "2",
                        "startColumns": "4",
                        "startOffsets": "55",
                        "endColumns": "100",
                        "endOffsets": "151"
                    },
                    "to": {
                        "startLines": "30",
                        "startColumns": "4",
                        "startOffsets": "2968",
                        "endColumns": "100",
                        "endOffsets": "3064"
                    }
                }
            ]
        }
    ]
}