{
    "logs": [
        {
            "outputFile": "C:\\Users\\lucia\\AndroidStudioProjects\\Semana1\\app\\build\\intermediates\\incremental\\mergeDebugResources\\merged.dir\\values-af\\values-af.xml",
            "map": [
                {
                    "source": "C:\\Users\\lucia\\.gradle\\caches\\transforms-2\\files-2.1\\a527ad4f532df6b258c428a911debd89\\appcompat-1.2.0\\res\\values-af\\values-af.xml",
                    "from": {
                        "startLines": "2,3,4,5,6,7,8,9,10,11,12,13,14,15,16,17,18,19,20,21,22,23,24,25,26,27,28,29",
                        "startColumns": "4,4,4,4,4,4,4,4,4,4,4,4,4,4,4,4,4,4,4,4,4,4,4,4,4,4,4,4",
                        "startOffsets": "105,213,309,415,500,603,721,798,874,965,1058,1153,1247,1346,1439,1534,1633,1728,1822,1903,2010,2115,2212,2320,2423,2525,2679,2777",
                        "endColumns": "107,95,105,84,102,117,76,75,90,92,94,93,98,92,94,98,94,93,80,106,104,96,107,102,101,153,97,80",
                        "endOffsets": "208,304,410,495,598,716,793,869,960,1053,1148,1242,1341,1434,1529,1628,1723,1817,1898,2005,2110,2207,2315,2418,2520,2674,2772,2853"
                    }
                },
                {
                    "source": "C:\\Users\\lucia\\.gradle\\caches\\transforms-2\\files-2.1\\ff37b710ecf84191a2687617c776753e\\core-1.3.1\\res\\values-af\\values-af.xml",
                    "from": {
                        "startLines": "2",
                        "startColumns": "4",
                        "startOffsets": "55",
                        "endColumns": "100",
                        "endOffsets": "151"
                    },
                    "to": {
                        "startLines": "30",
                        "startColumns": "4",
                        "startOffsets": "2858",
                        "endColumns": "100",
                        "endOffsets": "2954"
                    }
                }
            ]
        }
    ]
}