{
    "logs": [
        {
            "outputFile": "C:\\Users\\lucia\\AndroidStudioProjects\\Semana1\\app\\build\\intermediates\\incremental\\mergeDebugResources\\merged.dir\\values-sw\\values-sw.xml",
            "map": [
                {
                    "source": "C:\\Users\\lucia\\.gradle\\caches\\transforms-2\\files-2.1\\ff37b710ecf84191a2687617c776753e\\core-1.3.1\\res\\values-sw\\values-sw.xml",
                    "from": {
                        "startLines": "2",
                        "startColumns": "4",
                        "startOffsets": "55",
                        "endColumns": "100",
                        "endOffsets": "151"
                    },
                    "to": {
                        "startLines": "30",
                        "startColumns": "4",
                        "startOffsets": "2884",
                        "endColumns": "100",
                        "endOffsets": "2980"
                    }
                },
                {
                    "source": "C:\\Users\\lucia\\.gradle\\caches\\transforms-2\\files-2.1\\a527ad4f532df6b258c428a911debd89\\appcompat-1.2.0\\res\\values-sw\\values-sw.xml",
                    "from": {
                        "startLines": "2,3,4,5,6,7,8,9,10,11,12,13,14,15,16,17,18,19,20,21,22,23,24,25,26,27,28,29",
                        "startColumns": "4,4,4,4,4,4,4,4,4,4,4,4,4,4,4,4,4,4,4,4,4,4,4,4,4,4,4,4",
                        "startOffsets": "105,208,307,415,505,610,727,810,892,983,1076,1171,1265,1365,1458,1553,1647,1738,1829,1911,2012,2120,2219,2326,2438,2542,2704,2801",
                        "endColumns": "102,98,107,89,104,116,82,81,90,92,94,93,99,92,94,93,90,90,81,100,107,98,106,111,103,161,96,82",
                        "endOffsets": "203,302,410,500,605,722,805,887,978,1071,1166,1260,1360,1453,1548,1642,1733,1824,1906,2007,2115,2214,2321,2433,2537,2699,2796,2879"
                    }
                }
            ]
        }
    ]
}