{
    "logs": [
        {
            "outputFile": "C:\\Users\\lucia\\AndroidStudioProjects\\Semana1\\app\\build\\intermediates\\incremental\\mergeDebugResources\\merged.dir\\values-uz\\values-uz.xml",
            "map": [
                {
                    "source": "C:\\Users\\lucia\\.gradle\\caches\\transforms-2\\files-2.1\\ff37b710ecf84191a2687617c776753e\\core-1.3.1\\res\\values-uz\\values-uz.xml",
                    "from": {
                        "startLines": "2",
                        "startColumns": "4",
                        "startOffsets": "55",
                        "endColumns": "100",
                        "endOffsets": "151"
                    },
                    "to": {
                        "startLines": "30",
                        "startColumns": "4",
                        "startOffsets": "2860",
                        "endColumns": "100",
                        "endOffsets": "2956"
                    }
                },
                {
                    "source": "C:\\Users\\lucia\\.gradle\\caches\\transforms-2\\files-2.1\\a527ad4f532df6b258c428a911debd89\\appcompat-1.2.0\\res\\values-uz\\values-uz.xml",
                    "from": {
                        "startLines": "2,3,4,5,6,7,8,9,10,11,12,13,14,15,16,17,18,19,20,21,22,23,24,25,26,27,28,29",
                        "startColumns": "4,4,4,4,4,4,4,4,4,4,4,4,4,4,4,4,4,4,4,4,4,4,4,4,4,4,4,4",
                        "startOffsets": "105,210,305,405,487,587,704,789,867,958,1051,1146,1240,1334,1427,1522,1617,1708,1800,1884,1994,2100,2200,2308,2414,2516,2677,2776",
                        "endColumns": "104,94,99,81,99,116,84,77,90,92,94,93,93,92,94,94,90,91,83,109,105,99,107,105,101,160,98,83",
                        "endOffsets": "205,300,400,482,582,699,784,862,953,1046,1141,1235,1329,1422,1517,1612,1703,1795,1879,1989,2095,2195,2303,2409,2511,2672,2771,2855"
                    }
                }
            ]
        }
    ]
}