{
    "logs": [
        {
            "outputFile": "C:\\Users\\lucia\\AndroidStudioProjects\\Semana1\\app\\build\\intermediates\\incremental\\mergeDebugResources\\merged.dir\\values-h360dp-land-v13\\values-h360dp-land-v13.xml",
            "map": [
                {
                    "source": "C:\\Users\\lucia\\.gradle\\caches\\transforms-2\\files-2.1\\0c7fcc8a97f042e68b1c574b2ffeaf0b\\material-1.1.0\\res\\values-h360dp-land-v13\\values-h360dp-land-v13.xml",
                    "from": {
                        "startLines": "2,3,4,5,6,7,8,9,10",
                        "startColumns": "4,4,4,4,4,4,4,4,4",
                        "startOffsets": "55,114,170,226,293,358,413,478,547",
                        "endColumns": "58,55,55,66,64,54,64,68,68",
                        "endOffsets": "109,165,221,288,353,408,473,542,611"
                    }
                }
            ]
        }
    ]
}