{
    "logs": [
        {
            "outputFile": "C:\\Users\\lucia\\AndroidStudioProjects\\Semana1\\app\\build\\intermediates\\incremental\\mergeDebugResources\\merged.dir\\values-in\\values-in.xml",
            "map": [
                {
                    "source": "C:\\Users\\lucia\\.gradle\\caches\\transforms-2\\files-2.1\\ff37b710ecf84191a2687617c776753e\\core-1.3.1\\res\\values-in\\values-in.xml",
                    "from": {
                        "startLines": "2",
                        "startColumns": "4",
                        "startOffsets": "55",
                        "endColumns": "100",
                        "endOffsets": "151"
                    },
                    "to": {
                        "startLines": "30",
                        "startColumns": "4",
                        "startOffsets": "2894",
                        "endColumns": "100",
                        "endOffsets": "2990"
                    }
                },
                {
                    "source": "C:\\Users\\lucia\\.gradle\\caches\\transforms-2\\files-2.1\\a527ad4f532df6b258c428a911debd89\\appcompat-1.2.0\\res\\values-in\\values-in.xml",
                    "from": {
                        "startLines": "2,3,4,5,6,7,8,9,10,11,12,13,14,15,16,17,18,19,20,21,22,23,24,25,26,27,28,29",
                        "startColumns": "4,4,4,4,4,4,4,4,4,4,4,4,4,4,4,4,4,4,4,4,4,4,4,4,4,4,4,4",
                        "startOffsets": "105,220,324,429,516,620,736,819,897,988,1081,1176,1270,1370,1463,1558,1652,1743,1834,1920,2023,2128,2229,2333,2442,2550,2710,2809",
                        "endColumns": "114,103,104,86,103,115,82,77,90,92,94,93,99,92,94,93,90,90,85,102,104,100,103,108,107,159,98,84",
                        "endOffsets": "215,319,424,511,615,731,814,892,983,1076,1171,1265,1365,1458,1553,1647,1738,1829,1915,2018,2123,2224,2328,2437,2545,2705,2804,2889"
                    }
                }
            ]
        }
    ]
}