{
    "logs": [
        {
            "outputFile": "C:\\Users\\lucia\\AndroidStudioProjects\\Semana1\\app\\build\\intermediates\\incremental\\mergeDebugResources\\merged.dir\\values-bg\\values-bg.xml",
            "map": [
                {
                    "source": "C:\\Users\\lucia\\.gradle\\caches\\transforms-2\\files-2.1\\ff37b710ecf84191a2687617c776753e\\core-1.3.1\\res\\values-bg\\values-bg.xml",
                    "from": {
                        "startLines": "2",
                        "startColumns": "4",
                        "startOffsets": "55",
                        "endColumns": "100",
                        "endOffsets": "151"
                    },
                    "to": {
                        "startLines": "30",
                        "startColumns": "4",
                        "startOffsets": "2938",
                        "endColumns": "100",
                        "endOffsets": "3034"
                    }
                },
                {
                    "source": "C:\\Users\\lucia\\.gradle\\caches\\transforms-2\\files-2.1\\a527ad4f532df6b258c428a911debd89\\appcompat-1.2.0\\res\\values-bg\\values-bg.xml",
                    "from": {
                        "startLines": "2,3,4,5,6,7,8,9,10,11,12,13,14,15,16,17,18,19,20,21,22,23,24,25,26,27,28,29",
                        "startColumns": "4,4,4,4,4,4,4,4,4,4,4,4,4,4,4,4,4,4,4,4,4,4,4,4,4,4,4,4",
                        "startOffsets": "105,225,331,436,522,632,753,833,910,1001,1094,1189,1283,1383,1476,1571,1679,1770,1861,1944,2058,2166,2266,2380,2487,2595,2755,2854",
                        "endColumns": "119,105,104,85,109,120,79,76,90,92,94,93,99,92,94,107,90,90,82,113,107,99,113,106,107,159,98,83",
                        "endOffsets": "220,326,431,517,627,748,828,905,996,1089,1184,1278,1378,1471,1566,1674,1765,1856,1939,2053,2161,2261,2375,2482,2590,2750,2849,2933"
                    }
                }
            ]
        }
    ]
}