{
    "logs": [
        {
            "outputFile": "C:\\Users\\lucia\\AndroidStudioProjects\\Semana1\\app\\build\\intermediates\\incremental\\mergeDebugResources\\merged.dir\\values-lt\\values-lt.xml",
            "map": [
                {
                    "source": "C:\\Users\\lucia\\.gradle\\caches\\transforms-2\\files-2.1\\ff37b710ecf84191a2687617c776753e\\core-1.3.1\\res\\values-lt\\values-lt.xml",
                    "from": {
                        "startLines": "2",
                        "startColumns": "4",
                        "startOffsets": "55",
                        "endColumns": "100",
                        "endOffsets": "151"
                    },
                    "to": {
                        "startLines": "30",
                        "startColumns": "4",
                        "startOffsets": "2958",
                        "endColumns": "100",
                        "endOffsets": "3054"
                    }
                },
                {
                    "source": "C:\\Users\\lucia\\.gradle\\caches\\transforms-2\\files-2.1\\a527ad4f532df6b258c428a911debd89\\appcompat-1.2.0\\res\\values-lt\\values-lt.xml",
                    "from": {
                        "startLines": "2,3,4,5,6,7,8,9,10,11,12,13,14,15,16,17,18,19,20,21,22,23,24,25,26,27,28,29",
                        "startColumns": "4,4,4,4,4,4,4,4,4,4,4,4,4,4,4,4,4,4,4,4,4,4,4,4,4,4,4,4",
                        "startOffsets": "105,221,325,438,525,627,749,832,912,1006,1102,1199,1295,1398,1494,1592,1688,1782,1876,1959,2068,2176,2276,2386,2491,2597,2773,2874",
                        "endColumns": "115,103,112,86,101,121,82,79,93,95,96,95,102,95,97,95,93,93,82,108,107,99,109,104,105,175,100,83",
                        "endOffsets": "216,320,433,520,622,744,827,907,1001,1097,1194,1290,1393,1489,1587,1683,1777,1871,1954,2063,2171,2271,2381,2486,2592,2768,2869,2953"
                    }
                }
            ]
        }
    ]
}