{
    "logs": [
        {
            "outputFile": "C:\\Users\\lucia\\AndroidStudioProjects\\Semana1\\app\\build\\intermediates\\incremental\\mergeDebugResources\\merged.dir\\values-el\\values-el.xml",
            "map": [
                {
                    "source": "C:\\Users\\lucia\\.gradle\\caches\\transforms-2\\files-2.1\\a527ad4f532df6b258c428a911debd89\\appcompat-1.2.0\\res\\values-el\\values-el.xml",
                    "from": {
                        "startLines": "2,3,4,5,6,7,8,9,10,11,12,13,14,15,16,17,18,19,20,21,22,23,24,25,26,27,28,29",
                        "startColumns": "4,4,4,4,4,4,4,4,4,4,4,4,4,4,4,4,4,4,4,4,4,4,4,4,4,4,4,4",
                        "startOffsets": "105,223,334,451,536,642,765,854,939,1030,1123,1218,1312,1412,1505,1600,1697,1788,1879,1964,2075,2184,2286,2397,2507,2615,2786,2886",
                        "endColumns": "117,110,116,84,105,122,88,84,90,92,94,93,99,92,94,96,90,90,84,110,108,101,110,109,107,170,99,85",
                        "endOffsets": "218,329,446,531,637,760,849,934,1025,1118,1213,1307,1407,1500,1595,1692,1783,1874,1959,2070,2179,2281,2392,2502,2610,2781,2881,2967"
                    }
                },
                {
                    "source": "C:\\Users\\lucia\\.gradle\\caches\\transforms-2\\files-2.1\\ff37b710ecf84191a2687617c776753e\\core-1.3.1\\res\\values-el\\values-el.xml",
                    "from": {
                        "startLines": "2",
                        "startColumns": "4",
                        "startOffsets": "55",
                        "endColumns": "100",
                        "endOffsets": "151"
                    },
                    "to": {
                        "startLines": "30",
                        "startColumns": "4",
                        "startOffsets": "2972",
                        "endColumns": "100",
                        "endOffsets": "3068"
                    }
                }
            ]
        }
    ]
}