{
    "logs": [
        {
            "outputFile": "C:\\Users\\lucia\\AndroidStudioProjects\\Semana1\\app\\build\\intermediates\\incremental\\mergeDebugResources\\merged.dir\\values-it\\values-it.xml",
            "map": [
                {
                    "source": "C:\\Users\\lucia\\.gradle\\caches\\transforms-2\\files-2.1\\a527ad4f532df6b258c428a911debd89\\appcompat-1.2.0\\res\\values-it\\values-it.xml",
                    "from": {
                        "startLines": "2,3,4,5,6,7,8,9,10,11,12,13,14,15,16,17,18,19,20,21,22,23,24,25,26,27,28,29",
                        "startColumns": "4,4,4,4,4,4,4,4,4,4,4,4,4,4,4,4,4,4,4,4,4,4,4,4,4,4,4,4",
                        "startOffsets": "105,210,313,422,506,611,730,808,883,975,1069,1162,1256,1357,1451,1548,1643,1735,1827,1908,2014,2121,2219,2323,2429,2536,2699,2799",
                        "endColumns": "104,102,108,83,104,118,77,74,91,93,92,93,100,93,96,94,91,91,80,105,106,97,103,105,106,162,99,81",
                        "endOffsets": "205,308,417,501,606,725,803,878,970,1064,1157,1251,1352,1446,1543,1638,1730,1822,1903,2009,2116,2214,2318,2424,2531,2694,2794,2876"
                    }
                },
                {
                    "source": "C:\\Users\\lucia\\.gradle\\caches\\transforms-2\\files-2.1\\ff37b710ecf84191a2687617c776753e\\core-1.3.1\\res\\values-it\\values-it.xml",
                    "from": {
                        "startLines": "2",
                        "startColumns": "4",
                        "startOffsets": "55",
                        "endColumns": "100",
                        "endOffsets": "151"
                    },
                    "to": {
                        "startLines": "30",
                        "startColumns": "4",
                        "startOffsets": "2881",
                        "endColumns": "100",
                        "endOffsets": "2977"
                    }
                }
            ]
        }
    ]
}