{
    "logs": [
        {
            "outputFile": "C:\\Users\\lucia\\AndroidStudioProjects\\Semana1\\app\\build\\intermediates\\incremental\\mergeDebugResources\\merged.dir\\values-b+sr+Latn\\values-b+sr+Latn.xml",
            "map": [
                {
                    "source": "C:\\Users\\lucia\\.gradle\\caches\\transforms-2\\files-2.1\\a527ad4f532df6b258c428a911debd89\\appcompat-1.2.0\\res\\values-b+sr+Latn\\values-b+sr+Latn.xml",
                    "from": {
                        "startLines": "2,3,4,5,6,7,8,9,10,11,12,13,14,15,16,17,18,19,20,21,22,23,24,25,26,27,28,29",
                        "startColumns": "4,4,4,4,4,4,4,4,4,4,4,4,4,4,4,4,4,4,4,4,4,4,4,4,4,4,4,4",
                        "startOffsets": "105,212,313,419,505,609,731,816,898,989,1082,1177,1271,1371,1464,1559,1664,1755,1846,1932,2037,2143,2246,2353,2462,2569,2739,2836",
                        "endColumns": "106,100,105,85,103,121,84,81,90,92,94,93,99,92,94,104,90,90,85,104,105,102,106,108,106,169,96,86",
                        "endOffsets": "207,308,414,500,604,726,811,893,984,1077,1172,1266,1366,1459,1554,1659,1750,1841,1927,2032,2138,2241,2348,2457,2564,2734,2831,2918"
                    }
                },
                {
                    "source": "C:\\Users\\lucia\\.gradle\\caches\\transforms-2\\files-2.1\\ff37b710ecf84191a2687617c776753e\\core-1.3.1\\res\\values-b+sr+Latn\\values-b+sr+Latn.xml",
                    "from": {
                        "startLines": "2",
                        "startColumns": "4",
                        "startOffsets": "55",
                        "endColumns": "100",
                        "endOffsets": "151"
                    },
                    "to": {
                        "startLines": "30",
                        "startColumns": "4",
                        "startOffsets": "2923",
                        "endColumns": "100",
                        "endOffsets": "3019"
                    }
                }
            ]
        }
    ]
}