{
    "logs": [
        {
            "outputFile": "C:\\Users\\lucia\\AndroidStudioProjects\\Semana1\\app\\build\\intermediates\\incremental\\mergeDebugResources\\merged.dir\\values-te\\values-te.xml",
            "map": [
                {
                    "source": "C:\\Users\\lucia\\.gradle\\caches\\transforms-2\\files-2.1\\ff37b710ecf84191a2687617c776753e\\core-1.3.1\\res\\values-te\\values-te.xml",
                    "from": {
                        "startLines": "2",
                        "startColumns": "4",
                        "startOffsets": "55",
                        "endColumns": "100",
                        "endOffsets": "151"
                    },
                    "to": {
                        "startLines": "30",
                        "startColumns": "4",
                        "startOffsets": "2926",
                        "endColumns": "100",
                        "endOffsets": "3022"
                    }
                },
                {
                    "source": "C:\\Users\\lucia\\.gradle\\caches\\transforms-2\\files-2.1\\a527ad4f532df6b258c428a911debd89\\appcompat-1.2.0\\res\\values-te\\values-te.xml",
                    "from": {
                        "startLines": "2,3,4,5,6,7,8,9,10,11,12,13,14,15,16,17,18,19,20,21,22,23,24,25,26,27,28,29",
                        "startColumns": "4,4,4,4,4,4,4,4,4,4,4,4,4,4,4,4,4,4,4,4,4,4,4,4,4,4,4,4",
                        "startOffsets": "105,222,334,445,535,640,759,837,913,1004,1097,1192,1286,1386,1479,1574,1669,1760,1851,1934,2048,2150,2247,2362,2465,2580,2742,2845",
                        "endColumns": "116,111,110,89,104,118,77,75,90,92,94,93,99,92,94,94,90,90,82,113,101,96,114,102,114,161,102,80",
                        "endOffsets": "217,329,440,530,635,754,832,908,999,1092,1187,1281,1381,1474,1569,1664,1755,1846,1929,2043,2145,2242,2357,2460,2575,2737,2840,2921"
                    }
                }
            ]
        }
    ]
}