{
    "logs": [
        {
            "outputFile": "C:\\Users\\lucia\\AndroidStudioProjects\\Semana1\\app\\build\\intermediates\\incremental\\mergeDebugResources\\merged.dir\\values-fi\\values-fi.xml",
            "map": [
                {
                    "source": "C:\\Users\\lucia\\.gradle\\caches\\transforms-2\\files-2.1\\ff37b710ecf84191a2687617c776753e\\core-1.3.1\\res\\values-fi\\values-fi.xml",
                    "from": {
                        "startLines": "2",
                        "startColumns": "4",
                        "startOffsets": "55",
                        "endColumns": "100",
                        "endOffsets": "151"
                    },
                    "to": {
                        "startLines": "30",
                        "startColumns": "4",
                        "startOffsets": "2856",
                        "endColumns": "100",
                        "endOffsets": "2952"
                    }
                },
                {
                    "source": "C:\\Users\\lucia\\.gradle\\caches\\transforms-2\\files-2.1\\a527ad4f532df6b258c428a911debd89\\appcompat-1.2.0\\res\\values-fi\\values-fi.xml",
                    "from": {
                        "startLines": "2,3,4,5,6,7,8,9,10,11,12,13,14,15,16,17,18,19,20,21,22,23,24,25,26,27,28,29",
                        "startColumns": "4,4,4,4,4,4,4,4,4,4,4,4,4,4,4,4,4,4,4,4,4,4,4,4,4,4,4,4",
                        "startOffsets": "105,213,313,422,508,613,731,817,896,987,1080,1175,1269,1363,1456,1552,1651,1742,1836,1916,2023,2124,2221,2327,2427,2525,2675,2775",
                        "endColumns": "107,99,108,85,104,117,85,78,90,92,94,93,93,92,95,98,90,93,79,106,100,96,105,99,97,149,99,80",
                        "endOffsets": "208,308,417,503,608,726,812,891,982,1075,1170,1264,1358,1451,1547,1646,1737,1831,1911,2018,2119,2216,2322,2422,2520,2670,2770,2851"
                    }
                }
            ]
        }
    ]
}