{
    "logs": [
        {
            "outputFile": "C:\\Users\\lucia\\AndroidStudioProjects\\Semana1\\app\\build\\intermediates\\incremental\\mergeDebugResources\\merged.dir\\values-ms\\values-ms.xml",
            "map": [
                {
                    "source": "C:\\Users\\lucia\\.gradle\\caches\\transforms-2\\files-2.1\\ff37b710ecf84191a2687617c776753e\\core-1.3.1\\res\\values-ms\\values-ms.xml",
                    "from": {
                        "startLines": "2",
                        "startColumns": "4",
                        "startOffsets": "55",
                        "endColumns": "100",
                        "endOffsets": "151"
                    },
                    "to": {
                        "startLines": "30",
                        "startColumns": "4",
                        "startOffsets": "2881",
                        "endColumns": "100",
                        "endOffsets": "2977"
                    }
                },
                {
                    "source": "C:\\Users\\lucia\\.gradle\\caches\\transforms-2\\files-2.1\\a527ad4f532df6b258c428a911debd89\\appcompat-1.2.0\\res\\values-ms\\values-ms.xml",
                    "from": {
                        "startLines": "2,3,4,5,6,7,8,9,10,11,12,13,14,15,16,17,18,19,20,21,22,23,24,25,26,27,28,29",
                        "startColumns": "4,4,4,4,4,4,4,4,4,4,4,4,4,4,4,4,4,4,4,4,4,4,4,4,4,4,4,4",
                        "startOffsets": "105,216,321,429,516,620,731,810,888,979,1072,1167,1261,1359,1452,1547,1641,1732,1823,1903,2015,2123,2220,2329,2433,2540,2699,2800",
                        "endColumns": "110,104,107,86,103,110,78,77,90,92,94,93,97,92,94,93,90,90,79,111,107,96,108,103,106,158,100,80",
                        "endOffsets": "211,316,424,511,615,726,805,883,974,1067,1162,1256,1354,1447,1542,1636,1727,1818,1898,2010,2118,2215,2324,2428,2535,2694,2795,2876"
                    }
                }
            ]
        }
    ]
}