{
    "logs": [
        {
            "outputFile": "C:\\Users\\lucia\\AndroidStudioProjects\\Semana1\\app\\build\\intermediates\\incremental\\mergeDebugResources\\merged.dir\\values-de\\values-de.xml",
            "map": [
                {
                    "source": "C:\\Users\\lucia\\.gradle\\caches\\transforms-2\\files-2.1\\ff37b710ecf84191a2687617c776753e\\core-1.3.1\\res\\values-de\\values-de.xml",
                    "from": {
                        "startLines": "2",
                        "startColumns": "4",
                        "startOffsets": "55",
                        "endColumns": "100",
                        "endOffsets": "151"
                    },
                    "to": {
                        "startLines": "30",
                        "startColumns": "4",
                        "startOffsets": "2914",
                        "endColumns": "100",
                        "endOffsets": "3010"
                    }
                },
                {
                    "source": "C:\\Users\\lucia\\.gradle\\caches\\transforms-2\\files-2.1\\a527ad4f532df6b258c428a911debd89\\appcompat-1.2.0\\res\\values-de\\values-de.xml",
                    "from": {
                        "startLines": "2,3,4,5,6,7,8,9,10,11,12,13,14,15,16,17,18,19,20,21,22,23,24,25,26,27,28,29",
                        "startColumns": "4,4,4,4,4,4,4,4,4,4,4,4,4,4,4,4,4,4,4,4,4,4,4,4,4,4,4,4",
                        "startOffsets": "105,210,308,420,506,612,727,805,880,972,1066,1162,1263,1370,1470,1574,1672,1770,1867,1949,2060,2162,2260,2367,2470,2574,2730,2832",
                        "endColumns": "104,97,111,85,105,114,77,74,91,93,95,100,106,99,103,97,97,96,81,110,101,97,106,102,103,155,101,81",
                        "endOffsets": "205,303,415,501,607,722,800,875,967,1061,1157,1258,1365,1465,1569,1667,1765,1862,1944,2055,2157,2255,2362,2465,2569,2725,2827,2909"
                    }
                }
            ]
        }
    ]
}