{
    "logs": [
        {
            "outputFile": "C:\\Users\\lucia\\AndroidStudioProjects\\Semana1\\app\\build\\intermediates\\incremental\\mergeDebugResources\\merged.dir\\values-am\\values-am.xml",
            "map": [
                {
                    "source": "C:\\Users\\lucia\\.gradle\\caches\\transforms-2\\files-2.1\\a527ad4f532df6b258c428a911debd89\\appcompat-1.2.0\\res\\values-am\\values-am.xml",
                    "from": {
                        "startLines": "2,3,4,5,6,7,8,9,10,11,12,13,14,15,16,17,18,19,20,21,22,23,24,25,26,27,28,29",
                        "startColumns": "4,4,4,4,4,4,4,4,4,4,4,4,4,4,4,4,4,4,4,4,4,4,4,4,4,4,4,4",
                        "startOffsets": "105,203,301,407,493,596,713,791,867,958,1051,1143,1237,1337,1430,1525,1618,1709,1800,1880,1980,2080,2176,2278,2378,2477,2627,2723",
                        "endColumns": "97,97,105,85,102,116,77,75,90,92,91,93,99,92,94,92,90,90,79,99,99,95,101,99,98,149,95,79",
                        "endOffsets": "198,296,402,488,591,708,786,862,953,1046,1138,1232,1332,1425,1520,1613,1704,1795,1875,1975,2075,2171,2273,2373,2472,2622,2718,2798"
                    }
                },
                {
                    "source": "C:\\Users\\lucia\\.gradle\\caches\\transforms-2\\files-2.1\\ff37b710ecf84191a2687617c776753e\\core-1.3.1\\res\\values-am\\values-am.xml",
                    "from": {
                        "startLines": "2",
                        "startColumns": "4",
                        "startOffsets": "55",
                        "endColumns": "100",
                        "endOffsets": "151"
                    },
                    "to": {
                        "startLines": "30",
                        "startColumns": "4",
                        "startOffsets": "2803",
                        "endColumns": "100",
                        "endOffsets": "2899"
                    }
                }
            ]
        }
    ]
}