{
    "logs": [
        {
            "outputFile": "C:\\Users\\lucia\\AndroidStudioProjects\\Semana1\\app\\build\\intermediates\\incremental\\mergeDebugResources\\merged.dir\\values-v23\\values-v23.xml",
            "map": [
                {
                    "source": "C:\\Users\\lucia\\.gradle\\caches\\transforms-2\\files-2.1\\0c7fcc8a97f042e68b1c574b2ffeaf0b\\material-1.1.0\\res\\values-v23\\values-v23.xml",
                    "from": {
                        "startLines": "2,6",
                        "startColumns": "4,4",
                        "startOffsets": "55,320",
                        "endLines": "5,9",
                        "endColumns": "10,10",
                        "endOffsets": "315,588"
                    },
                    "to": {
                        "startLines": "53,57",
                        "startColumns": "4,4",
                        "startOffsets": "3674,3939",
                        "endLines": "56,60",
                        "endColumns": "10,10",
                        "endOffsets": "3934,4207"
                    }
                },
                {
                    "source": "C:\\Users\\lucia\\.gradle\\caches\\transforms-2\\files-2.1\\a527ad4f532df6b258c428a911debd89\\appcompat-1.2.0\\res\\values-v23\\values-v23.xml",
                    "from": {
                        "startLines": "2,3,4,5,6,20,34,35,36,39,43,44,45,46",
                        "startColumns": "4,4,4,4,4,4,4,4,4,4,4,4,4,4",
                        "startOffsets": "55,190,325,400,487,1371,2267,2386,2513,2735,2959,3074,3181,3294",
                        "endLines": "2,3,4,5,19,33,34,35,38,42,43,44,45,49",
                        "endColumns": "134,134,74,86,12,12,118,126,12,12,114,106,112,12",
                        "endOffsets": "185,320,395,482,1366,2262,2381,2508,2730,2954,3069,3176,3289,3519"
                    }
                },
                {
                    "source": "C:\\Users\\lucia\\.gradle\\caches\\transforms-2\\files-2.1\\ef9c997edfa62b91e0d370b598210169\\cardview-1.0.0\\res\\values-v23\\values-v23.xml",
                    "from": {
                        "startLines": "2",
                        "startColumns": "4",
                        "startOffsets": "55",
                        "endLines": "4",
                        "endColumns": "12",
                        "endOffsets": "200"
                    },
                    "to": {
                        "startLines": "50",
                        "startColumns": "4",
                        "startOffsets": "3524",
                        "endLines": "52",
                        "endColumns": "12",
                        "endOffsets": "3669"
                    }
                }
            ]
        }
    ]
}