{
    "logs": [
        {
            "outputFile": "C:\\Users\\lucia\\AndroidStudioProjects\\Semana1\\app\\build\\intermediates\\incremental\\mergeDebugResources\\merged.dir\\values-fa\\values-fa.xml",
            "map": [
                {
                    "source": "C:\\Users\\lucia\\.gradle\\caches\\transforms-2\\files-2.1\\a527ad4f532df6b258c428a911debd89\\appcompat-1.2.0\\res\\values-fa\\values-fa.xml",
                    "from": {
                        "startLines": "2,3,4,5,6,7,8,9,10,11,12,13,14,15,16,17,18,19,20,21,22,23,24,25,26,27,28,29",
                        "startColumns": "4,4,4,4,4,4,4,4,4,4,4,4,4,4,4,4,4,4,4,4,4,4,4,4,4,4,4,4",
                        "startOffsets": "105,215,316,427,511,612,727,807,884,977,1072,1164,1258,1360,1455,1552,1646,1739,1829,1911,2019,2123,2221,2327,2432,2537,2694,2795",
                        "endColumns": "109,100,110,83,100,114,79,76,92,94,91,93,101,94,96,93,92,89,81,107,103,97,105,104,104,156,100,81",
                        "endOffsets": "210,311,422,506,607,722,802,879,972,1067,1159,1253,1355,1450,1547,1641,1734,1824,1906,2014,2118,2216,2322,2427,2532,2689,2790,2872"
                    }
                },
                {
                    "source": "C:\\Users\\lucia\\.gradle\\caches\\transforms-2\\files-2.1\\ff37b710ecf84191a2687617c776753e\\core-1.3.1\\res\\values-fa\\values-fa.xml",
                    "from": {
                        "startLines": "2",
                        "startColumns": "4",
                        "startOffsets": "55",
                        "endColumns": "100",
                        "endOffsets": "151"
                    },
                    "to": {
                        "startLines": "30",
                        "startColumns": "4",
                        "startOffsets": "2877",
                        "endColumns": "100",
                        "endOffsets": "2973"
                    }
                }
            ]
        }
    ]
}