{
    "logs": [
        {
            "outputFile": "C:\\Users\\lucia\\AndroidStudioProjects\\Semana1\\app\\build\\intermediates\\incremental\\mergeDebugResources\\merged.dir\\values-lv\\values-lv.xml",
            "map": [
                {
                    "source": "C:\\Users\\lucia\\.gradle\\caches\\transforms-2\\files-2.1\\a527ad4f532df6b258c428a911debd89\\appcompat-1.2.0\\res\\values-lv\\values-lv.xml",
                    "from": {
                        "startLines": "2,3,4,5,6,7,8,9,10,11,12,13,14,15,16,17,18,19,20,21,22,23,24,25,26,27,28,29",
                        "startColumns": "4,4,4,4,4,4,4,4,4,4,4,4,4,4,4,4,4,4,4,4,4,4,4,4,4,4,4,4",
                        "startOffsets": "105,225,335,444,530,634,756,838,918,1028,1136,1242,1351,1462,1565,1677,1784,1889,1989,2074,2183,2294,2393,2504,2611,2716,2890,2989",
                        "endColumns": "119,109,108,85,103,121,81,79,109,107,105,108,110,102,111,106,104,99,84,108,110,98,110,106,104,173,98,82",
                        "endOffsets": "220,330,439,525,629,751,833,913,1023,1131,1237,1346,1457,1560,1672,1779,1884,1984,2069,2178,2289,2388,2499,2606,2711,2885,2984,3067"
                    }
                },
                {
                    "source": "C:\\Users\\lucia\\.gradle\\caches\\transforms-2\\files-2.1\\ff37b710ecf84191a2687617c776753e\\core-1.3.1\\res\\values-lv\\values-lv.xml",
                    "from": {
                        "startLines": "2",
                        "startColumns": "4",
                        "startOffsets": "55",
                        "endColumns": "100",
                        "endOffsets": "151"
                    },
                    "to": {
                        "startLines": "30",
                        "startColumns": "4",
                        "startOffsets": "3072",
                        "endColumns": "100",
                        "endOffsets": "3168"
                    }
                }
            ]
        }
    ]
}