{
    "logs": [
        {
            "outputFile": "C:\\Users\\lucia\\AndroidStudioProjects\\Semana1\\app\\build\\intermediates\\incremental\\mergeDebugResources\\merged.dir\\values-ky\\values-ky.xml",
            "map": [
                {
                    "source": "C:\\Users\\lucia\\.gradle\\caches\\transforms-2\\files-2.1\\ff37b710ecf84191a2687617c776753e\\core-1.3.1\\res\\values-ky\\values-ky.xml",
                    "from": {
                        "startLines": "2",
                        "startColumns": "4",
                        "startOffsets": "55",
                        "endColumns": "100",
                        "endOffsets": "151"
                    },
                    "to": {
                        "startLines": "30",
                        "startColumns": "4",
                        "startOffsets": "2899",
                        "endColumns": "100",
                        "endOffsets": "2995"
                    }
                },
                {
                    "source": "C:\\Users\\lucia\\.gradle\\caches\\transforms-2\\files-2.1\\a527ad4f532df6b258c428a911debd89\\appcompat-1.2.0\\res\\values-ky\\values-ky.xml",
                    "from": {
                        "startLines": "2,3,4,5,6,7,8,9,10,11,12,13,14,15,16,17,18,19,20,21,22,23,24,25,26,27,28,29",
                        "startColumns": "4,4,4,4,4,4,4,4,4,4,4,4,4,4,4,4,4,4,4,4,4,4,4,4,4,4,4,4",
                        "startOffsets": "105,216,325,437,522,627,744,823,901,992,1085,1180,1274,1374,1467,1562,1657,1748,1839,1920,2026,2131,2229,2336,2439,2554,2715,2817",
                        "endColumns": "110,108,111,84,104,116,78,77,90,92,94,93,99,92,94,94,90,90,80,105,104,97,106,102,114,160,101,81",
                        "endOffsets": "211,320,432,517,622,739,818,896,987,1080,1175,1269,1369,1462,1557,1652,1743,1834,1915,2021,2126,2224,2331,2434,2549,2710,2812,2894"
                    }
                }
            ]
        }
    ]
}