{
    "logs": [
        {
            "outputFile": "C:\\Users\\lucia\\AndroidStudioProjects\\Semana1\\app\\build\\intermediates\\incremental\\mergeDebugResources\\merged.dir\\values-es\\values-es.xml",
            "map": [
                {
                    "source": "C:\\Users\\lucia\\.gradle\\caches\\transforms-2\\files-2.1\\ff37b710ecf84191a2687617c776753e\\core-1.3.1\\res\\values-es\\values-es.xml",
                    "from": {
                        "startLines": "2",
                        "startColumns": "4",
                        "startOffsets": "55",
                        "endColumns": "100",
                        "endOffsets": "151"
                    },
                    "to": {
                        "startLines": "30",
                        "startColumns": "4",
                        "startOffsets": "2919",
                        "endColumns": "100",
                        "endOffsets": "3015"
                    }
                },
                {
                    "source": "C:\\Users\\lucia\\.gradle\\caches\\transforms-2\\files-2.1\\a527ad4f532df6b258c428a911debd89\\appcompat-1.2.0\\res\\values-es\\values-es.xml",
                    "from": {
                        "startLines": "2,3,4,5,6,7,8,9,10,11,12,13,14,15,16,17,18,19,20,21,22,23,24,25,26,27,28,29",
                        "startColumns": "4,4,4,4,4,4,4,4,4,4,4,4,4,4,4,4,4,4,4,4,4,4,4,4,4,4,4,4",
                        "startOffsets": "105,207,320,428,513,614,742,828,909,1001,1095,1192,1286,1386,1480,1576,1672,1764,1856,1938,2045,2156,2255,2363,2471,2578,2737,2836",
                        "endColumns": "101,112,107,84,100,127,85,80,91,93,96,93,99,93,95,95,91,91,81,106,110,98,107,107,106,158,98,82",
                        "endOffsets": "202,315,423,508,609,737,823,904,996,1090,1187,1281,1381,1475,1571,1667,1759,1851,1933,2040,2151,2250,2358,2466,2573,2732,2831,2914"
                    }
                }
            ]
        }
    ]
}