{
    "logs": [
        {
            "outputFile": "C:\\Users\\lucia\\AndroidStudioProjects\\Semana1\\app\\build\\intermediates\\incremental\\mergeDebugResources\\merged.dir\\values-tl\\values-tl.xml",
            "map": [
                {
                    "source": "C:\\Users\\lucia\\.gradle\\caches\\transforms-2\\files-2.1\\ff37b710ecf84191a2687617c776753e\\core-1.3.1\\res\\values-tl\\values-tl.xml",
                    "from": {
                        "startLines": "2",
                        "startColumns": "4",
                        "startOffsets": "55",
                        "endColumns": "100",
                        "endOffsets": "151"
                    },
                    "to": {
                        "startLines": "30",
                        "startColumns": "4",
                        "startOffsets": "2930",
                        "endColumns": "100",
                        "endOffsets": "3026"
                    }
                },
                {
                    "source": "C:\\Users\\lucia\\.gradle\\caches\\transforms-2\\files-2.1\\a527ad4f532df6b258c428a911debd89\\appcompat-1.2.0\\res\\values-tl\\values-tl.xml",
                    "from": {
                        "startLines": "2,3,4,5,6,7,8,9,10,11,12,13,14,15,16,17,18,19,20,21,22,23,24,25,26,27,28,29",
                        "startColumns": "4,4,4,4,4,4,4,4,4,4,4,4,4,4,4,4,4,4,4,4,4,4,4,4,4,4,4,4",
                        "startOffsets": "105,216,324,437,525,631,746,826,903,994,1087,1182,1276,1376,1469,1564,1658,1749,1840,1924,2033,2143,2244,2354,2472,2580,2743,2845",
                        "endColumns": "110,107,112,87,105,114,79,76,90,92,94,93,99,92,94,93,90,90,83,108,109,100,109,117,107,162,101,84",
                        "endOffsets": "211,319,432,520,626,741,821,898,989,1082,1177,1271,1371,1464,1559,1653,1744,1835,1919,2028,2138,2239,2349,2467,2575,2738,2840,2925"
                    }
                }
            ]
        }
    ]
}