{
    "logs": [
        {
            "outputFile": "C:\\Users\\lucia\\AndroidStudioProjects\\Semana1\\app\\build\\intermediates\\incremental\\mergeDebugResources\\merged.dir\\values-iw\\values-iw.xml",
            "map": [
                {
                    "source": "C:\\Users\\lucia\\.gradle\\caches\\transforms-2\\files-2.1\\a527ad4f532df6b258c428a911debd89\\appcompat-1.2.0\\res\\values-iw\\values-iw.xml",
                    "from": {
                        "startLines": "2,3,4,5,6,7,8,9,10,11,12,13,14,15,16,17,18,19,20,21,22,23,24,25,26,27,28,29",
                        "startColumns": "4,4,4,4,4,4,4,4,4,4,4,4,4,4,4,4,4,4,4,4,4,4,4,4,4,4,4,4",
                        "startOffsets": "105,210,310,418,502,604,720,799,877,968,1062,1156,1250,1350,1443,1538,1631,1722,1814,1895,2000,2103,2201,2306,2408,2510,2664,2761",
                        "endColumns": "104,99,107,83,101,115,78,77,90,93,93,93,99,92,94,92,90,91,80,104,102,97,104,101,101,153,96,81",
                        "endOffsets": "205,305,413,497,599,715,794,872,963,1057,1151,1245,1345,1438,1533,1626,1717,1809,1890,1995,2098,2196,2301,2403,2505,2659,2756,2838"
                    }
                },
                {
                    "source": "C:\\Users\\lucia\\.gradle\\caches\\transforms-2\\files-2.1\\ff37b710ecf84191a2687617c776753e\\core-1.3.1\\res\\values-iw\\values-iw.xml",
                    "from": {
                        "startLines": "2",
                        "startColumns": "4",
                        "startOffsets": "55",
                        "endColumns": "100",
                        "endOffsets": "151"
                    },
                    "to": {
                        "startLines": "30",
                        "startColumns": "4",
                        "startOffsets": "2843",
                        "endColumns": "100",
                        "endOffsets": "2939"
                    }
                }
            ]
        }
    ]
}