{
    "logs": [
        {
            "outputFile": "C:\\Users\\lucia\\AndroidStudioProjects\\Semana1\\app\\build\\intermediates\\incremental\\mergeDebugResources\\merged.dir\\values-mr\\values-mr.xml",
            "map": [
                {
                    "source": "C:\\Users\\lucia\\.gradle\\caches\\transforms-2\\files-2.1\\ff37b710ecf84191a2687617c776753e\\core-1.3.1\\res\\values-mr\\values-mr.xml",
                    "from": {
                        "startLines": "2",
                        "startColumns": "4",
                        "startOffsets": "55",
                        "endColumns": "100",
                        "endOffsets": "151"
                    },
                    "to": {
                        "startLines": "30",
                        "startColumns": "4",
                        "startOffsets": "2875",
                        "endColumns": "100",
                        "endOffsets": "2971"
                    }
                },
                {
                    "source": "C:\\Users\\lucia\\.gradle\\caches\\transforms-2\\files-2.1\\a527ad4f532df6b258c428a911debd89\\appcompat-1.2.0\\res\\values-mr\\values-mr.xml",
                    "from": {
                        "startLines": "2,3,4,5,6,7,8,9,10,11,12,13,14,15,16,17,18,19,20,21,22,23,24,25,26,27,28,29",
                        "startColumns": "4,4,4,4,4,4,4,4,4,4,4,4,4,4,4,4,4,4,4,4,4,4,4,4,4,4,4,4",
                        "startOffsets": "105,216,322,429,519,621,733,811,888,979,1072,1165,1262,1362,1455,1550,1644,1735,1826,1906,2013,2114,2210,2319,2421,2535,2692,2795",
                        "endColumns": "110,105,106,89,101,111,77,76,90,92,92,96,99,92,94,93,90,90,79,106,100,95,108,101,113,156,102,79",
                        "endOffsets": "211,317,424,514,616,728,806,883,974,1067,1160,1257,1357,1450,1545,1639,1730,1821,1901,2008,2109,2205,2314,2416,2530,2687,2790,2870"
                    }
                }
            ]
        }
    ]
}