{
    "logs": [
        {
            "outputFile": "C:\\Users\\lucia\\AndroidStudioProjects\\Semana1\\app\\build\\intermediates\\incremental\\mergeDebugResources\\merged.dir\\values-hr\\values-hr.xml",
            "map": [
                {
                    "source": "C:\\Users\\lucia\\.gradle\\caches\\transforms-2\\files-2.1\\ff37b710ecf84191a2687617c776753e\\core-1.3.1\\res\\values-hr\\values-hr.xml",
                    "from": {
                        "startLines": "2",
                        "startColumns": "4",
                        "startOffsets": "55",
                        "endColumns": "100",
                        "endOffsets": "151"
                    },
                    "to": {
                        "startLines": "30",
                        "startColumns": "4",
                        "startOffsets": "2901",
                        "endColumns": "100",
                        "endOffsets": "2997"
                    }
                },
                {
                    "source": "C:\\Users\\lucia\\.gradle\\caches\\transforms-2\\files-2.1\\a527ad4f532df6b258c428a911debd89\\appcompat-1.2.0\\res\\values-hr\\values-hr.xml",
                    "from": {
                        "startLines": "2,3,4,5,6,7,8,9,10,11,12,13,14,15,16,17,18,19,20,21,22,23,24,25,26,27,28,29",
                        "startColumns": "4,4,4,4,4,4,4,4,4,4,4,4,4,4,4,4,4,4,4,4,4,4,4,4,4,4,4,4",
                        "startOffsets": "105,210,305,412,498,602,721,806,888,979,1072,1167,1261,1361,1454,1549,1644,1735,1826,1912,2016,2128,2229,2334,2448,2550,2719,2816",
                        "endColumns": "104,94,106,85,103,118,84,81,90,92,94,93,99,92,94,94,90,90,85,103,111,100,104,113,101,168,96,84",
                        "endOffsets": "205,300,407,493,597,716,801,883,974,1067,1162,1256,1356,1449,1544,1639,1730,1821,1907,2011,2123,2224,2329,2443,2545,2714,2811,2896"
                    }
                }
            ]
        }
    ]
}